"","ent","year","migr","equal_marriage","from_equal","from_non_equal","unempl","income","lgbt","discrim","dm_migr","dm_unemp","dm_income","Estado","Vivienda"
"1",1,2017,0.00677259703047669,0,6,18,0.551524112829845,5825.75803778588,0.195324283559578,0.0424710424710425,0.00158056614574658,0.00177375225534582,0.00177375225534582,"Aguascalientes",97.12
"2",1,2017,0.00677259703047669,0,6,18,0.551524112829845,5825.75803778588,0.195324283559578,0.0424710424710425,0.00158056614574658,0.00177375225534582,0.00177375225534582,"Aguascalientes",105.15
"3",1,2017,0.00677259703047669,0,6,18,0.551524112829845,5825.75803778588,0.195324283559578,0.0424710424710425,0.00158056614574658,0.00177375225534582,0.00177375225534582,"Aguascalientes",113.48
"4",1,2017,0.00677259703047669,0,6,18,0.551524112829845,5825.75803778588,0.195324283559578,0.0424710424710425,0.00158056614574658,0.00177375225534582,0.00177375225534582,"Aguascalientes",122.45
"5",1,2017,0.00677259703047669,0,6,18,0.551524112829845,5825.75803778588,0.195324283559578,0.0424710424710425,0.00158056614574658,0.00177375225534582,0.00177375225534582,"Aguascalientes",130.32
"6",1,2017,0.00677259703047669,0,6,18,0.551524112829845,5825.75803778588,0.195324283559578,0.0424710424710425,0.00158056614574658,0.00177375225534582,0.00177375225534582,"Aguascalientes",138.03
"7",1,2018,0.00509554140127389,0,2,17,0.552318939913183,5951.62231903485,0.195324283559578,0.0424710424710425,-9.64894834562247e-05,0.00256857933868315,0.00256857933868315,"Aguascalientes",97.12
"8",1,2018,0.00509554140127389,0,2,17,0.552318939913183,5951.62231903485,0.195324283559578,0.0424710424710425,-9.64894834562247e-05,0.00256857933868315,0.00256857933868315,"Aguascalientes",105.15
"9",1,2018,0.00509554140127389,0,2,17,0.552318939913183,5951.62231903485,0.195324283559578,0.0424710424710425,-9.64894834562247e-05,0.00256857933868315,0.00256857933868315,"Aguascalientes",113.48
"10",1,2018,0.00509554140127389,0,2,17,0.552318939913183,5951.62231903485,0.195324283559578,0.0424710424710425,-9.64894834562247e-05,0.00256857933868315,0.00256857933868315,"Aguascalientes",122.45
"11",1,2018,0.00509554140127389,0,2,17,0.552318939913183,5951.62231903485,0.195324283559578,0.0424710424710425,-9.64894834562247e-05,0.00256857933868315,0.00256857933868315,"Aguascalientes",130.32
"12",1,2018,0.00509554140127389,0,2,17,0.552318939913183,5951.62231903485,0.195324283559578,0.0424710424710425,-9.64894834562247e-05,0.00256857933868315,0.00256857933868315,"Aguascalientes",138.03
"13",1,2019,0.00361197110423117,0,4,9,0.554852077817428,6341.86625245258,0.195324283559578,0.0424710424710425,-0.00158005978049894,0.00510171724292885,0.00510171724292885,"Aguascalientes",97.12
"14",1,2019,0.00361197110423117,0,4,9,0.554852077817428,6341.86625245258,0.195324283559578,0.0424710424710425,-0.00158005978049894,0.00510171724292885,0.00510171724292885,"Aguascalientes",105.15
"15",1,2019,0.00361197110423117,0,4,9,0.554852077817428,6341.86625245258,0.195324283559578,0.0424710424710425,-0.00158005978049894,0.00510171724292885,0.00510171724292885,"Aguascalientes",113.48
"16",1,2019,0.00361197110423117,0,4,9,0.554852077817428,6341.86625245258,0.195324283559578,0.0424710424710425,-0.00158005978049894,0.00510171724292885,0.00510171724292885,"Aguascalientes",122.45
"17",1,2019,0.00361197110423117,0,4,9,0.554852077817428,6341.86625245258,0.195324283559578,0.0424710424710425,-0.00158005978049894,0.00510171724292885,0.00510171724292885,"Aguascalientes",130.32
"18",1,2019,0.00361197110423117,0,4,9,0.554852077817428,6341.86625245258,0.195324283559578,0.0424710424710425,-0.00158005978049894,0.00510171724292885,0.00510171724292885,"Aguascalientes",138.03
"19",1,2020,0.00558233950773915,1,12,10,0.558776351970669,7010.15367412141,0.195324283559578,0.0424710424710425,0.000390308623009043,0.00902599139616966,0.00902599139616966,"Aguascalientes",97.12
"20",1,2020,0.00558233950773915,1,12,10,0.558776351970669,7010.15367412141,0.195324283559578,0.0424710424710425,0.000390308623009043,0.00902599139616966,0.00902599139616966,"Aguascalientes",105.15
"21",1,2020,0.00558233950773915,1,12,10,0.558776351970669,7010.15367412141,0.195324283559578,0.0424710424710425,0.000390308623009043,0.00902599139616966,0.00902599139616966,"Aguascalientes",113.48
"22",1,2020,0.00558233950773915,1,12,10,0.558776351970669,7010.15367412141,0.195324283559578,0.0424710424710425,0.000390308623009043,0.00902599139616966,0.00902599139616966,"Aguascalientes",122.45
"23",1,2020,0.00558233950773915,1,12,10,0.558776351970669,7010.15367412141,0.195324283559578,0.0424710424710425,0.000390308623009043,0.00902599139616966,0.00902599139616966,"Aguascalientes",130.32
"24",1,2020,0.00558233950773915,1,12,10,0.558776351970669,7010.15367412141,0.195324283559578,0.0424710424710425,0.000390308623009043,0.00902599139616966,0.00902599139616966,"Aguascalientes",138.03
"25",1,2021,0.00349744417541028,1,5,8,0.534117647058823,7302.31526936564,0.195324283559578,0.0424710424710425,-0.00169458670931983,-0.015632713515676,-0.015632713515676,"Aguascalientes",97.12
"26",1,2021,0.00349744417541028,1,5,8,0.534117647058823,7302.31526936564,0.195324283559578,0.0424710424710425,-0.00169458670931983,-0.015632713515676,-0.015632713515676,"Aguascalientes",105.15
"27",1,2021,0.00349744417541028,1,5,8,0.534117647058823,7302.31526936564,0.195324283559578,0.0424710424710425,-0.00169458670931983,-0.015632713515676,-0.015632713515676,"Aguascalientes",113.48
"28",1,2021,0.00349744417541028,1,5,8,0.534117647058823,7302.31526936564,0.195324283559578,0.0424710424710425,-0.00169458670931983,-0.015632713515676,-0.015632713515676,"Aguascalientes",122.45
"29",1,2021,0.00349744417541028,1,5,8,0.534117647058823,7302.31526936564,0.195324283559578,0.0424710424710425,-0.00169458670931983,-0.015632713515676,-0.015632713515676,"Aguascalientes",130.32
"30",1,2021,0.00349744417541028,1,5,8,0.534117647058823,7302.31526936564,0.195324283559578,0.0424710424710425,-0.00169458670931983,-0.015632713515676,-0.015632713515676,"Aguascalientes",138.03
"31",1,2022,0.00659229208924949,1,22,3,0.546913033857048,8119.05962059621,0.195324283559578,0.0424710424710425,0.00140026120451938,-0.0028373267174514,-0.0028373267174514,"Aguascalientes",97.12
"32",1,2022,0.00659229208924949,1,22,3,0.546913033857048,8119.05962059621,0.195324283559578,0.0424710424710425,0.00140026120451938,-0.0028373267174514,-0.0028373267174514,"Aguascalientes",105.15
"33",1,2022,0.00659229208924949,1,22,3,0.546913033857048,8119.05962059621,0.195324283559578,0.0424710424710425,0.00140026120451938,-0.0028373267174514,-0.0028373267174514,"Aguascalientes",113.48
"34",1,2022,0.00659229208924949,1,22,3,0.546913033857048,8119.05962059621,0.195324283559578,0.0424710424710425,0.00140026120451938,-0.0028373267174514,-0.0028373267174514,"Aguascalientes",122.45
"35",1,2022,0.00659229208924949,1,22,3,0.546913033857048,8119.05962059621,0.195324283559578,0.0424710424710425,0.00140026120451938,-0.0028373267174514,-0.0028373267174514,"Aguascalientes",130.32
"36",1,2022,0.00659229208924949,1,22,3,0.546913033857048,8119.05962059621,0.195324283559578,0.0424710424710425,0.00140026120451938,-0.0028373267174514,-0.0028373267174514,"Aguascalientes",138.03
"37",2,2017,0.00731707317073171,0,2,21,0.578325342847586,6779.7942918686,0.651851851851852,0.0397727272727273,-0.0026026550630764,0.00484275133943002,0.00484275133943002,"Baja California",97.23
"38",2,2017,0.00731707317073171,0,2,21,0.578325342847586,6779.7942918686,0.651851851851852,0.0397727272727273,-0.0026026550630764,0.00484275133943002,0.00484275133943002,"Baja California",105.66
"39",2,2017,0.00731707317073171,0,2,21,0.578325342847586,6779.7942918686,0.651851851851852,0.0397727272727273,-0.0026026550630764,0.00484275133943002,0.00484275133943002,"Baja California",115.06
"40",2,2017,0.00731707317073171,0,2,21,0.578325342847586,6779.7942918686,0.651851851851852,0.0397727272727273,-0.0026026550630764,0.00484275133943002,0.00484275133943002,"Baja California",124.73
"41",2,2017,0.00731707317073171,0,2,21,0.578325342847586,6779.7942918686,0.651851851851852,0.0397727272727273,-0.0026026550630764,0.00484275133943002,0.00484275133943002,"Baja California",135.89
"42",2,2017,0.00731707317073171,0,2,21,0.578325342847586,6779.7942918686,0.651851851851852,0.0397727272727273,-0.0026026550630764,0.00484275133943002,0.00484275133943002,"Baja California",149.26
"43",2,2018,0.00668202764976959,0,6,17,0.589685371391502,7491.25608089642,0.651851851851852,0.0397727272727273,-0.00323770058403853,0.0162027798833457,0.0162027798833457,"Baja California",97.23
"44",2,2018,0.00668202764976959,0,6,17,0.589685371391502,7491.25608089642,0.651851851851852,0.0397727272727273,-0.00323770058403853,0.0162027798833457,0.0162027798833457,"Baja California",105.66
"45",2,2018,0.00668202764976959,0,6,17,0.589685371391502,7491.25608089642,0.651851851851852,0.0397727272727273,-0.00323770058403853,0.0162027798833457,0.0162027798833457,"Baja California",115.06
"46",2,2018,0.00668202764976959,0,6,17,0.589685371391502,7491.25608089642,0.651851851851852,0.0397727272727273,-0.00323770058403853,0.0162027798833457,0.0162027798833457,"Baja California",124.73
"47",2,2018,0.00668202764976959,0,6,17,0.589685371391502,7491.25608089642,0.651851851851852,0.0397727272727273,-0.00323770058403853,0.0162027798833457,0.0162027798833457,"Baja California",135.89
"48",2,2018,0.00668202764976959,0,6,17,0.589685371391502,7491.25608089642,0.651851851851852,0.0397727272727273,-0.00323770058403853,0.0162027798833457,0.0162027798833457,"Baja California",149.26
"49",2,2019,0.0113154172560113,0,7,48,0.583672114826184,8279.54994720169,0.651851851851852,0.0397727272727273,0.0013956890222032,0.0101895233180282,0.0101895233180282,"Baja California",97.23
"50",2,2019,0.0113154172560113,0,7,48,0.583672114826184,8279.54994720169,0.651851851851852,0.0397727272727273,0.0013956890222032,0.0101895233180282,0.0101895233180282,"Baja California",105.66
"51",2,2019,0.0113154172560113,0,7,48,0.583672114826184,8279.54994720169,0.651851851851852,0.0397727272727273,0.0013956890222032,0.0101895233180282,0.0101895233180282,"Baja California",115.06
"52",2,2019,0.0113154172560113,0,7,48,0.583672114826184,8279.54994720169,0.651851851851852,0.0397727272727273,0.0013956890222032,0.0101895233180282,0.0101895233180282,"Baja California",124.73
"53",2,2019,0.0113154172560113,0,7,48,0.583672114826184,8279.54994720169,0.651851851851852,0.0397727272727273,0.0013956890222032,0.0101895233180282,0.0101895233180282,"Baja California",135.89
"54",2,2019,0.0113154172560113,0,7,48,0.583672114826184,8279.54994720169,0.651851851851852,0.0397727272727273,0.0013956890222032,0.0101895233180282,0.0101895233180282,"Baja California",149.26
"55",2,2020,0.0144822592324403,0,29,45,0.572711719418306,8726.57914057439,0.651851851851852,0.0397727272727273,0.00456253099863215,-0.000770872089849828,-0.000770872089849828,"Baja California",97.23
"56",2,2020,0.0144822592324403,0,29,45,0.572711719418306,8726.57914057439,0.651851851851852,0.0397727272727273,0.00456253099863215,-0.000770872089849828,-0.000770872089849828,"Baja California",105.66
"57",2,2020,0.0144822592324403,0,29,45,0.572711719418306,8726.57914057439,0.651851851851852,0.0397727272727273,0.00456253099863215,-0.000770872089849828,-0.000770872089849828,"Baja California",115.06
"58",2,2020,0.0144822592324403,0,29,45,0.572711719418306,8726.57914057439,0.651851851851852,0.0397727272727273,0.00456253099863215,-0.000770872089849828,-0.000770872089849828,"Baja California",124.73
"59",2,2020,0.0144822592324403,0,29,45,0.572711719418306,8726.57914057439,0.651851851851852,0.0397727272727273,0.00456253099863215,-0.000770872089849828,-0.000770872089849828,"Baja California",135.89
"60",2,2020,0.0144822592324403,0,29,45,0.572711719418306,8726.57914057439,0.651851851851852,0.0397727272727273,0.00456253099863215,-0.000770872089849828,-0.000770872089849828,"Baja California",149.26
"61",2,2021,0.0104587592108391,0,11,30,0.547975773031559,9255.1094351733,0.651851851851852,0.0397727272727273,0.000539030977030964,-0.0255068184765972,-0.0255068184765972,"Baja California",97.23
"62",2,2021,0.0104587592108391,0,11,30,0.547975773031559,9255.1094351733,0.651851851851852,0.0397727272727273,0.000539030977030964,-0.0255068184765972,-0.0255068184765972,"Baja California",105.66
"63",2,2021,0.0104587592108391,0,11,30,0.547975773031559,9255.1094351733,0.651851851851852,0.0397727272727273,0.000539030977030964,-0.0255068184765972,-0.0255068184765972,"Baja California",115.06
"64",2,2021,0.0104587592108391,0,11,30,0.547975773031559,9255.1094351733,0.651851851851852,0.0397727272727273,0.000539030977030964,-0.0255068184765972,-0.0255068184765972,"Baja California",124.73
"65",2,2021,0.0104587592108391,0,11,30,0.547975773031559,9255.1094351733,0.651851851851852,0.0397727272727273,0.000539030977030964,-0.0255068184765972,-0.0255068184765972,"Baja California",135.89
"66",2,2021,0.0104587592108391,0,11,30,0.547975773031559,9255.1094351733,0.651851851851852,0.0397727272727273,0.000539030977030964,-0.0255068184765972,-0.0255068184765972,"Baja California",149.26
"67",2,2022,0.00926283288305673,1,41,4,0.568525227533799,10592.6440112849,0.651851851851852,0.0397727272727273,-0.000656895350751379,-0.00495736397435731,-0.00495736397435731,"Baja California",97.23
"68",2,2022,0.00926283288305673,1,41,4,0.568525227533799,10592.6440112849,0.651851851851852,0.0397727272727273,-0.000656895350751379,-0.00495736397435731,-0.00495736397435731,"Baja California",105.66
"69",2,2022,0.00926283288305673,1,41,4,0.568525227533799,10592.6440112849,0.651851851851852,0.0397727272727273,-0.000656895350751379,-0.00495736397435731,-0.00495736397435731,"Baja California",115.06
"70",2,2022,0.00926283288305673,1,41,4,0.568525227533799,10592.6440112849,0.651851851851852,0.0397727272727273,-0.000656895350751379,-0.00495736397435731,-0.00495736397435731,"Baja California",124.73
"71",2,2022,0.00926283288305673,1,41,4,0.568525227533799,10592.6440112849,0.651851851851852,0.0397727272727273,-0.000656895350751379,-0.00495736397435731,-0.00495736397435731,"Baja California",135.89
"72",2,2022,0.00926283288305673,1,41,4,0.568525227533799,10592.6440112849,0.651851851851852,0.0397727272727273,-0.000656895350751379,-0.00495736397435731,-0.00495736397435731,"Baja California",149.26
"73",3,2017,0.0701298701298701,0,12,202,0.592598351733789,8459.87676705593,0.618320610687023,0.0617283950617284,-0.00496948629861718,0.00221737509380515,0.00221737509380515,"Baja California Sur",97.6
"74",3,2017,0.0701298701298701,0,12,202,0.592598351733789,8459.87676705593,0.618320610687023,0.0617283950617284,-0.00496948629861718,0.00221737509380515,0.00221737509380515,"Baja California Sur",105.06
"75",3,2017,0.0701298701298701,0,12,202,0.592598351733789,8459.87676705593,0.618320610687023,0.0617283950617284,-0.00496948629861718,0.00221737509380515,0.00221737509380515,"Baja California Sur",114.99
"76",3,2017,0.0701298701298701,0,12,202,0.592598351733789,8459.87676705593,0.618320610687023,0.0617283950617284,-0.00496948629861718,0.00221737509380515,0.00221737509380515,"Baja California Sur",124.78
"77",3,2017,0.0701298701298701,0,12,202,0.592598351733789,8459.87676705593,0.618320610687023,0.0617283950617284,-0.00496948629861718,0.00221737509380515,0.00221737509380515,"Baja California Sur",137.8
"78",3,2017,0.0701298701298701,0,12,202,0.592598351733789,8459.87676705593,0.618320610687023,0.0617283950617284,-0.00496948629861718,0.00221737509380515,0.00221737509380515,"Baja California Sur",154.58
"79",3,2018,0.0778385332904471,0,27,213,0.586658354114713,8818.50419906687,0.618320610687023,0.0617283950617284,0.00273917686195978,-0.00372262252527111,-0.00372262252527111,"Baja California Sur",97.6
"80",3,2018,0.0778385332904471,0,27,213,0.586658354114713,8818.50419906687,0.618320610687023,0.0617283950617284,0.00273917686195978,-0.00372262252527111,-0.00372262252527111,"Baja California Sur",105.06
"81",3,2018,0.0778385332904471,0,27,213,0.586658354114713,8818.50419906687,0.618320610687023,0.0617283950617284,0.00273917686195978,-0.00372262252527111,-0.00372262252527111,"Baja California Sur",114.99
"82",3,2018,0.0778385332904471,0,27,213,0.586658354114713,8818.50419906687,0.618320610687023,0.0617283950617284,0.00273917686195978,-0.00372262252527111,-0.00372262252527111,"Baja California Sur",124.78
"83",3,2018,0.0778385332904471,0,27,213,0.586658354114713,8818.50419906687,0.618320610687023,0.0617283950617284,0.00273917686195978,-0.00372262252527111,-0.00372262252527111,"Baja California Sur",137.8
"84",3,2018,0.0778385332904471,0,27,213,0.586658354114713,8818.50419906687,0.618320610687023,0.0617283950617284,0.00273917686195978,-0.00372262252527111,-0.00372262252527111,"Baja California Sur",154.58
"85",3,2019,0.083117723156533,0,35,221,0.609317269076305,9144.81480334469,0.618320610687023,0.0617283950617284,0.00801836672804568,0.0189362924363209,0.0189362924363209,"Baja California Sur",97.6
"86",3,2019,0.083117723156533,0,35,221,0.609317269076305,9144.81480334469,0.618320610687023,0.0617283950617284,0.00801836672804568,0.0189362924363209,0.0189362924363209,"Baja California Sur",105.06
"87",3,2019,0.083117723156533,0,35,221,0.609317269076305,9144.81480334469,0.618320610687023,0.0617283950617284,0.00801836672804568,0.0189362924363209,0.0189362924363209,"Baja California Sur",114.99
"88",3,2019,0.083117723156533,0,35,221,0.609317269076305,9144.81480334469,0.618320610687023,0.0617283950617284,0.00801836672804568,0.0189362924363209,0.0189362924363209,"Baja California Sur",124.78
"89",3,2019,0.083117723156533,0,35,221,0.609317269076305,9144.81480334469,0.618320610687023,0.0617283950617284,0.00801836672804568,0.0189362924363209,0.0189362924363209,"Baja California Sur",137.8
"90",3,2019,0.083117723156533,0,35,221,0.609317269076305,9144.81480334469,0.618320610687023,0.0617283950617284,0.00801836672804568,0.0189362924363209,0.0189362924363209,"Baja California Sur",154.58
"91",3,2020,0.0694129095037301,1,124,89,0.602504414833842,9477.77597303095,0.618320610687023,0.0617283950617284,-0.00568644692475717,0.0121234381938574,0.0121234381938574,"Baja California Sur",97.6
"92",3,2020,0.0694129095037301,1,124,89,0.602504414833842,9477.77597303095,0.618320610687023,0.0617283950617284,-0.00568644692475717,0.0121234381938574,0.0121234381938574,"Baja California Sur",105.06
"93",3,2020,0.0694129095037301,1,124,89,0.602504414833842,9477.77597303095,0.618320610687023,0.0617283950617284,-0.00568644692475717,0.0121234381938574,0.0121234381938574,"Baja California Sur",114.99
"94",3,2020,0.0694129095037301,1,124,89,0.602504414833842,9477.77597303095,0.618320610687023,0.0617283950617284,-0.00568644692475717,0.0121234381938574,0.0121234381938574,"Baja California Sur",124.78
"95",3,2020,0.0694129095037301,1,124,89,0.602504414833842,9477.77597303095,0.618320610687023,0.0617283950617284,-0.00568644692475717,0.0121234381938574,0.0121234381938574,"Baja California Sur",137.8
"96",3,2020,0.0694129095037301,1,124,89,0.602504414833842,9477.77597303095,0.618320610687023,0.0617283950617284,-0.00568644692475717,0.0121234381938574,0.0121234381938574,"Baja California Sur",154.58
"97",3,2021,0.0794371311847481,1,112,61,0.556528824607863,9737.15322580645,0.618320610687023,0.0617283950617284,0.00433777475626076,-0.0338521520321212,-0.0338521520321212,"Baja California Sur",97.6
"98",3,2021,0.0794371311847481,1,112,61,0.556528824607863,9737.15322580645,0.618320610687023,0.0617283950617284,0.00433777475626076,-0.0338521520321212,-0.0338521520321212,"Baja California Sur",105.06
"99",3,2021,0.0794371311847481,1,112,61,0.556528824607863,9737.15322580645,0.618320610687023,0.0617283950617284,0.00433777475626076,-0.0338521520321212,-0.0338521520321212,"Baja California Sur",114.99
"100",3,2021,0.0794371311847481,1,112,61,0.556528824607863,9737.15322580645,0.618320610687023,0.0617283950617284,0.00433777475626076,-0.0338521520321212,-0.0338521520321212,"Baja California Sur",124.78
"101",3,2021,0.0794371311847481,1,112,61,0.556528824607863,9737.15322580645,0.618320610687023,0.0617283950617284,0.00433777475626076,-0.0338521520321212,-0.0338521520321212,"Baja California Sur",137.8
"102",3,2021,0.0794371311847481,1,112,61,0.556528824607863,9737.15322580645,0.618320610687023,0.0617283950617284,0.00433777475626076,-0.0338521520321212,-0.0338521520321212,"Baja California Sur",154.58
"103",3,2022,0.0706599713055954,1,172,24,0.594678645473393,11052.9401137504,0.618320610687023,0.0617283950617284,-0.0044393851228919,0.00429766883340887,0.00429766883340887,"Baja California Sur",97.6
"104",3,2022,0.0706599713055954,1,172,24,0.594678645473393,11052.9401137504,0.618320610687023,0.0617283950617284,-0.0044393851228919,0.00429766883340887,0.00429766883340887,"Baja California Sur",105.06
"105",3,2022,0.0706599713055954,1,172,24,0.594678645473393,11052.9401137504,0.618320610687023,0.0617283950617284,-0.0044393851228919,0.00429766883340887,0.00429766883340887,"Baja California Sur",114.99
"106",3,2022,0.0706599713055954,1,172,24,0.594678645473393,11052.9401137504,0.618320610687023,0.0617283950617284,-0.0044393851228919,0.00429766883340887,0.00429766883340887,"Baja California Sur",124.78
"107",3,2022,0.0706599713055954,1,172,24,0.594678645473393,11052.9401137504,0.618320610687023,0.0617283950617284,-0.0044393851228919,0.00429766883340887,0.00429766883340887,"Baja California Sur",137.8
"108",3,2022,0.0706599713055954,1,172,24,0.594678645473393,11052.9401137504,0.618320610687023,0.0617283950617284,-0.0044393851228919,0.00429766883340887,0.00429766883340887,"Baja California Sur",154.58
"109",4,2017,0.0213213213213213,1,35,35,0.557058823529412,5861.55432269995,0.45,0.0555555555555556,-0.0158783531508989,0.0059636510271166,0.0059636510271166,"Campeche",97.13
"110",4,2017,0.0213213213213213,1,35,35,0.557058823529412,5861.55432269995,0.45,0.0555555555555556,-0.0158783531508989,0.0059636510271166,0.0059636510271166,"Campeche",105.51
"111",4,2017,0.0213213213213213,1,35,35,0.557058823529412,5861.55432269995,0.45,0.0555555555555556,-0.0158783531508989,0.0059636510271166,0.0059636510271166,"Campeche",114.91
"112",4,2017,0.0213213213213213,1,35,35,0.557058823529412,5861.55432269995,0.45,0.0555555555555556,-0.0158783531508989,0.0059636510271166,0.0059636510271166,"Campeche",123.46
"113",4,2017,0.0213213213213213,1,35,35,0.557058823529412,5861.55432269995,0.45,0.0555555555555556,-0.0158783531508989,0.0059636510271166,0.0059636510271166,"Campeche",134.5
"114",4,2017,0.0213213213213213,1,35,35,0.557058823529412,5861.55432269995,0.45,0.0555555555555556,-0.0158783531508989,0.0059636510271166,0.0059636510271166,"Campeche",147.49
"115",4,2018,0.0202827289489859,1,33,32,0.549736337488015,6072.13023916647,0.45,0.0555555555555556,-0.0169169455232344,-0.0013588350142798,-0.0013588350142798,"Campeche",97.13
"116",4,2018,0.0202827289489859,1,33,32,0.549736337488015,6072.13023916647,0.45,0.0555555555555556,-0.0169169455232344,-0.0013588350142798,-0.0013588350142798,"Campeche",105.51
"117",4,2018,0.0202827289489859,1,33,32,0.549736337488015,6072.13023916647,0.45,0.0555555555555556,-0.0169169455232344,-0.0013588350142798,-0.0013588350142798,"Campeche",114.91
"118",4,2018,0.0202827289489859,1,33,32,0.549736337488015,6072.13023916647,0.45,0.0555555555555556,-0.0169169455232344,-0.0013588350142798,-0.0013588350142798,"Campeche",123.46
"119",4,2018,0.0202827289489859,1,33,32,0.549736337488015,6072.13023916647,0.45,0.0555555555555556,-0.0169169455232344,-0.0013588350142798,-0.0013588350142798,"Campeche",134.5
"120",4,2018,0.0202827289489859,1,33,32,0.549736337488015,6072.13023916647,0.45,0.0555555555555556,-0.0169169455232344,-0.0013588350142798,-0.0013588350142798,"Campeche",147.49
"121",4,2019,0.0173304955913652,1,36,18,0.553271911174108,6171.40217391304,0.45,0.0555555555555556,-0.0198691788808551,0.00217673867181312,0.00217673867181312,"Campeche",97.13
"122",4,2019,0.0173304955913652,1,36,18,0.553271911174108,6171.40217391304,0.45,0.0555555555555556,-0.0198691788808551,0.00217673867181312,0.00217673867181312,"Campeche",105.51
"123",4,2019,0.0173304955913652,1,36,18,0.553271911174108,6171.40217391304,0.45,0.0555555555555556,-0.0198691788808551,0.00217673867181312,0.00217673867181312,"Campeche",114.91
"124",4,2019,0.0173304955913652,1,36,18,0.553271911174108,6171.40217391304,0.45,0.0555555555555556,-0.0198691788808551,0.00217673867181312,0.00217673867181312,"Campeche",123.46
"125",4,2019,0.0173304955913652,1,36,18,0.553271911174108,6171.40217391304,0.45,0.0555555555555556,-0.0198691788808551,0.00217673867181312,0.00217673867181312,"Campeche",134.5
"126",4,2019,0.0173304955913652,1,36,18,0.553271911174108,6171.40217391304,0.45,0.0555555555555556,-0.0198691788808551,0.00217673867181312,0.00217673867181312,"Campeche",147.49
"127",4,2020,0.0574192220621527,1,132,142,0.551062942892872,7516.4255500597,0.45,0.0555555555555556,0.0202195475899325,-3.22296094230623e-05,-3.22296094230623e-05,"Campeche",97.13
"128",4,2020,0.0574192220621527,1,132,142,0.551062942892872,7516.4255500597,0.45,0.0555555555555556,0.0202195475899325,-3.22296094230623e-05,-3.22296094230623e-05,"Campeche",105.51
"129",4,2020,0.0574192220621527,1,132,142,0.551062942892872,7516.4255500597,0.45,0.0555555555555556,0.0202195475899325,-3.22296094230623e-05,-3.22296094230623e-05,"Campeche",114.91
"130",4,2020,0.0574192220621527,1,132,142,0.551062942892872,7516.4255500597,0.45,0.0555555555555556,0.0202195475899325,-3.22296094230623e-05,-3.22296094230623e-05,"Campeche",123.46
"131",4,2020,0.0574192220621527,1,132,142,0.551062942892872,7516.4255500597,0.45,0.0555555555555556,0.0202195475899325,-3.22296094230623e-05,-3.22296094230623e-05,"Campeche",134.5
"132",4,2020,0.0574192220621527,1,132,142,0.551062942892872,7516.4255500597,0.45,0.0555555555555556,0.0202195475899325,-3.22296094230623e-05,-3.22296094230623e-05,"Campeche",147.49
"133",4,2021,0.0611363636363636,1,140,126,0.552530572168169,7829.90156193244,0.45,0.0555555555555556,0.0239366891641434,0.00143539966587414,0.00143539966587414,"Campeche",97.13
"134",4,2021,0.0611363636363636,1,140,126,0.552530572168169,7829.90156193244,0.45,0.0555555555555556,0.0239366891641434,0.00143539966587414,0.00143539966587414,"Campeche",105.51
"135",4,2021,0.0611363636363636,1,140,126,0.552530572168169,7829.90156193244,0.45,0.0555555555555556,0.0239366891641434,0.00143539966587414,0.00143539966587414,"Campeche",114.91
"136",4,2021,0.0611363636363636,1,140,126,0.552530572168169,7829.90156193244,0.45,0.0555555555555556,0.0239366891641434,0.00143539966587414,0.00143539966587414,"Campeche",123.46
"137",4,2021,0.0611363636363636,1,140,126,0.552530572168169,7829.90156193244,0.45,0.0555555555555556,0.0239366891641434,0.00143539966587414,0.00143539966587414,"Campeche",134.5
"138",4,2021,0.0611363636363636,1,140,126,0.552530572168169,7829.90156193244,0.45,0.0555555555555556,0.0239366891641434,0.00143539966587414,0.00143539966587414,"Campeche",147.49
"139",4,2022,0.0457079152731327,1,104,99,0.542910447761194,8617.28668332738,0.45,0.0555555555555556,0.00850824080091244,-0.0081847247411011,-0.0081847247411011,"Campeche",97.13
"140",4,2022,0.0457079152731327,1,104,99,0.542910447761194,8617.28668332738,0.45,0.0555555555555556,0.00850824080091244,-0.0081847247411011,-0.0081847247411011,"Campeche",105.51
"141",4,2022,0.0457079152731327,1,104,99,0.542910447761194,8617.28668332738,0.45,0.0555555555555556,0.00850824080091244,-0.0081847247411011,-0.0081847247411011,"Campeche",114.91
"142",4,2022,0.0457079152731327,1,104,99,0.542910447761194,8617.28668332738,0.45,0.0555555555555556,0.00850824080091244,-0.0081847247411011,-0.0081847247411011,"Campeche",123.46
"143",4,2022,0.0457079152731327,1,104,99,0.542910447761194,8617.28668332738,0.45,0.0555555555555556,0.00850824080091244,-0.0081847247411011,-0.0081847247411011,"Campeche",134.5
"144",4,2022,0.0457079152731327,1,104,99,0.542910447761194,8617.28668332738,0.45,0.0555555555555556,0.00850824080091244,-0.0081847247411011,-0.0081847247411011,"Campeche",147.49
"145",5,2017,0.0289086966995905,1,49,69,0.564216524216524,7004.94173656767,0.590163934426229,0.0555555555555556,0.00453544240807648,0.0144277252608866,0.0144277252608866,"Coahuila",97.83
"146",5,2017,0.0289086966995905,1,49,69,0.564216524216524,7004.94173656767,0.590163934426229,0.0555555555555556,0.00453544240807648,0.0144277252608866,0.0144277252608866,"Coahuila",104.18
"147",5,2017,0.0289086966995905,1,49,69,0.564216524216524,7004.94173656767,0.590163934426229,0.0555555555555556,0.00453544240807648,0.0144277252608866,0.0144277252608866,"Coahuila",112.82
"148",5,2017,0.0289086966995905,1,49,69,0.564216524216524,7004.94173656767,0.590163934426229,0.0555555555555556,0.00453544240807648,0.0144277252608866,0.0144277252608866,"Coahuila",120.8
"149",5,2017,0.0289086966995905,1,49,69,0.564216524216524,7004.94173656767,0.590163934426229,0.0555555555555556,0.00453544240807648,0.0144277252608866,0.0144277252608866,"Coahuila",130.31
"150",5,2017,0.0289086966995905,1,49,69,0.564216524216524,7004.94173656767,0.590163934426229,0.0555555555555556,0.00453544240807648,0.0144277252608866,0.0144277252608866,"Coahuila",139.65
"151",5,2018,0.0269066286528867,1,83,62,0.561478791879848,7086.73232766181,0.590163934426229,0.0555555555555556,0.00253337436137269,0.0116899929242106,0.0116899929242106,"Coahuila",97.83
"152",5,2018,0.0269066286528867,1,83,62,0.561478791879848,7086.73232766181,0.590163934426229,0.0555555555555556,0.00253337436137269,0.0116899929242106,0.0116899929242106,"Coahuila",104.18
"153",5,2018,0.0269066286528867,1,83,62,0.561478791879848,7086.73232766181,0.590163934426229,0.0555555555555556,0.00253337436137269,0.0116899929242106,0.0116899929242106,"Coahuila",112.82
"154",5,2018,0.0269066286528867,1,83,62,0.561478791879848,7086.73232766181,0.590163934426229,0.0555555555555556,0.00253337436137269,0.0116899929242106,0.0116899929242106,"Coahuila",120.8
"155",5,2018,0.0269066286528867,1,83,62,0.561478791879848,7086.73232766181,0.590163934426229,0.0555555555555556,0.00253337436137269,0.0116899929242106,0.0116899929242106,"Coahuila",130.31
"156",5,2018,0.0269066286528867,1,83,62,0.561478791879848,7086.73232766181,0.590163934426229,0.0555555555555556,0.00253337436137269,0.0116899929242106,0.0116899929242106,"Coahuila",139.65
"157",5,2019,0.024329603977979,1,86,47,0.551774905938165,7804.79390934844,0.590163934426229,0.0555555555555556,-4.36503135349334e-05,0.00198610698252699,0.00198610698252699,"Coahuila",97.83
"158",5,2019,0.024329603977979,1,86,47,0.551774905938165,7804.79390934844,0.590163934426229,0.0555555555555556,-4.36503135349334e-05,0.00198610698252699,0.00198610698252699,"Coahuila",104.18
"159",5,2019,0.024329603977979,1,86,47,0.551774905938165,7804.79390934844,0.590163934426229,0.0555555555555556,-4.36503135349334e-05,0.00198610698252699,0.00198610698252699,"Coahuila",112.82
"160",5,2019,0.024329603977979,1,86,47,0.551774905938165,7804.79390934844,0.590163934426229,0.0555555555555556,-4.36503135349334e-05,0.00198610698252699,0.00198610698252699,"Coahuila",120.8
"161",5,2019,0.024329603977979,1,86,47,0.551774905938165,7804.79390934844,0.590163934426229,0.0555555555555556,-4.36503135349334e-05,0.00198610698252699,0.00198610698252699,"Coahuila",130.31
"162",5,2019,0.024329603977979,1,86,47,0.551774905938165,7804.79390934844,0.590163934426229,0.0555555555555556,-4.36503135349334e-05,0.00198610698252699,0.00198610698252699,"Coahuila",139.65
"163",5,2020,0.0242744063324538,1,85,43,0.542967804405713,8335.49968324359,0.590163934426229,0.0555555555555556,-9.88479590601499e-05,-0.00682099454992469,-0.00682099454992469,"Coahuila",97.83
"164",5,2020,0.0242744063324538,1,85,43,0.542967804405713,8335.49968324359,0.590163934426229,0.0555555555555556,-9.88479590601499e-05,-0.00682099454992469,-0.00682099454992469,"Coahuila",104.18
"165",5,2020,0.0242744063324538,1,85,43,0.542967804405713,8335.49968324359,0.590163934426229,0.0555555555555556,-9.88479590601499e-05,-0.00682099454992469,-0.00682099454992469,"Coahuila",112.82
"166",5,2020,0.0242744063324538,1,85,43,0.542967804405713,8335.49968324359,0.590163934426229,0.0555555555555556,-9.88479590601499e-05,-0.00682099454992469,-0.00682099454992469,"Coahuila",120.8
"167",5,2020,0.0242744063324538,1,85,43,0.542967804405713,8335.49968324359,0.590163934426229,0.0555555555555556,-9.88479590601499e-05,-0.00682099454992469,-0.00682099454992469,"Coahuila",130.31
"168",5,2020,0.0242744063324538,1,85,43,0.542967804405713,8335.49968324359,0.590163934426229,0.0555555555555556,-9.88479590601499e-05,-0.00682099454992469,-0.00682099454992469,"Coahuila",139.65
"169",5,2021,0.0269833948339483,1,88,29,0.538341968911917,8598.13447432763,0.590163934426229,0.0555555555555556,0.00261014054243436,-0.0114468300437205,-0.0114468300437205,"Coahuila",97.83
"170",5,2021,0.0269833948339483,1,88,29,0.538341968911917,8598.13447432763,0.590163934426229,0.0555555555555556,0.00261014054243436,-0.0114468300437205,-0.0114468300437205,"Coahuila",104.18
"171",5,2021,0.0269833948339483,1,88,29,0.538341968911917,8598.13447432763,0.590163934426229,0.0555555555555556,0.00261014054243436,-0.0114468300437205,-0.0114468300437205,"Coahuila",112.82
"172",5,2021,0.0269833948339483,1,88,29,0.538341968911917,8598.13447432763,0.590163934426229,0.0555555555555556,0.00261014054243436,-0.0114468300437205,-0.0114468300437205,"Coahuila",120.8
"173",5,2021,0.0269833948339483,1,88,29,0.538341968911917,8598.13447432763,0.590163934426229,0.0555555555555556,0.00261014054243436,-0.0114468300437205,-0.0114468300437205,"Coahuila",130.31
"174",5,2021,0.0269833948339483,1,88,29,0.538341968911917,8598.13447432763,0.590163934426229,0.0555555555555556,0.00261014054243436,-0.0114468300437205,-0.0114468300437205,"Coahuila",139.65
"175",5,2022,0.0148367952522255,1,62,12,0.539952798381659,9181.42818336163,0.590163934426229,0.0555555555555556,-0.00953645903928846,-0.00983600057397882,-0.00983600057397882,"Coahuila",97.83
"176",5,2022,0.0148367952522255,1,62,12,0.539952798381659,9181.42818336163,0.590163934426229,0.0555555555555556,-0.00953645903928846,-0.00983600057397882,-0.00983600057397882,"Coahuila",104.18
"177",5,2022,0.0148367952522255,1,62,12,0.539952798381659,9181.42818336163,0.590163934426229,0.0555555555555556,-0.00953645903928846,-0.00983600057397882,-0.00983600057397882,"Coahuila",112.82
"178",5,2022,0.0148367952522255,1,62,12,0.539952798381659,9181.42818336163,0.590163934426229,0.0555555555555556,-0.00953645903928846,-0.00983600057397882,-0.00983600057397882,"Coahuila",120.8
"179",5,2022,0.0148367952522255,1,62,12,0.539952798381659,9181.42818336163,0.590163934426229,0.0555555555555556,-0.00953645903928846,-0.00983600057397882,-0.00983600057397882,"Coahuila",130.31
"180",5,2022,0.0148367952522255,1,62,12,0.539952798381659,9181.42818336163,0.590163934426229,0.0555555555555556,-0.00953645903928846,-0.00983600057397882,-0.00983600057397882,"Coahuila",139.65
"181",6,2017,0.0298140043763676,1,38,69,0.611343439623628,6451.43767815496,0.588235294117647,0.04,-0.00152315655754647,0.0206783039547026,0.0206783039547026,"Colima",97.22
"182",6,2017,0.0298140043763676,1,38,69,0.611343439623628,6451.43767815496,0.588235294117647,0.04,-0.00152315655754647,0.0206783039547026,0.0206783039547026,"Colima",105.49
"183",6,2017,0.0298140043763676,1,38,69,0.611343439623628,6451.43767815496,0.588235294117647,0.04,-0.00152315655754647,0.0206783039547026,0.0206783039547026,"Colima",114.46
"184",6,2017,0.0298140043763676,1,38,69,0.611343439623628,6451.43767815496,0.588235294117647,0.04,-0.00152315655754647,0.0206783039547026,0.0206783039547026,"Colima",122.6
"185",6,2017,0.0298140043763676,1,38,69,0.611343439623628,6451.43767815496,0.588235294117647,0.04,-0.00152315655754647,0.0206783039547026,0.0206783039547026,"Colima",132.09
"186",6,2017,0.0298140043763676,1,38,69,0.611343439623628,6451.43767815496,0.588235294117647,0.04,-0.00152315655754647,0.0206783039547026,0.0206783039547026,"Colima",143.05
"187",6,2018,0.032907261354365,1,49,70,0.604345563361957,6846.08059701492,0.588235294117647,0.04,0.00157010042045088,0.0136804276930316,0.0136804276930316,"Colima",97.22
"188",6,2018,0.032907261354365,1,49,70,0.604345563361957,6846.08059701492,0.588235294117647,0.04,0.00157010042045088,0.0136804276930316,0.0136804276930316,"Colima",105.49
"189",6,2018,0.032907261354365,1,49,70,0.604345563361957,6846.08059701492,0.588235294117647,0.04,0.00157010042045088,0.0136804276930316,0.0136804276930316,"Colima",114.46
"190",6,2018,0.032907261354365,1,49,70,0.604345563361957,6846.08059701492,0.588235294117647,0.04,0.00157010042045088,0.0136804276930316,0.0136804276930316,"Colima",122.6
"191",6,2018,0.032907261354365,1,49,70,0.604345563361957,6846.08059701492,0.588235294117647,0.04,0.00157010042045088,0.0136804276930316,0.0136804276930316,"Colima",132.09
"192",6,2018,0.032907261354365,1,49,70,0.604345563361957,6846.08059701492,0.588235294117647,0.04,0.00157010042045088,0.0136804276930316,0.0136804276930316,"Colima",143.05
"193",6,2019,0.0384190160309563,1,70,68,0.592176607281177,7149.04990296645,0.588235294117647,0.04,0.00708185509704224,0.00151147161225218,0.00151147161225218,"Colima",97.22
"194",6,2019,0.0384190160309563,1,70,68,0.592176607281177,7149.04990296645,0.588235294117647,0.04,0.00708185509704224,0.00151147161225218,0.00151147161225218,"Colima",105.49
"195",6,2019,0.0384190160309563,1,70,68,0.592176607281177,7149.04990296645,0.588235294117647,0.04,0.00708185509704224,0.00151147161225218,0.00151147161225218,"Colima",114.46
"196",6,2019,0.0384190160309563,1,70,68,0.592176607281177,7149.04990296645,0.588235294117647,0.04,0.00708185509704224,0.00151147161225218,0.00151147161225218,"Colima",122.6
"197",6,2019,0.0384190160309563,1,70,68,0.592176607281177,7149.04990296645,0.588235294117647,0.04,0.00708185509704224,0.00151147161225218,0.00151147161225218,"Colima",132.09
"198",6,2019,0.0384190160309563,1,70,68,0.592176607281177,7149.04990296645,0.588235294117647,0.04,0.00708185509704224,0.00151147161225218,0.00151147161225218,"Colima",143.05
"199",6,2020,0.0251868253528923,1,53,36,0.593155893536122,7474.17462482947,0.588235294117647,0.04,-0.00615033558102175,0.00249075786719644,0.00249075786719644,"Colima",97.22
"200",6,2020,0.0251868253528923,1,53,36,0.593155893536122,7474.17462482947,0.588235294117647,0.04,-0.00615033558102175,0.00249075786719644,0.00249075786719644,"Colima",105.49
"201",6,2020,0.0251868253528923,1,53,36,0.593155893536122,7474.17462482947,0.588235294117647,0.04,-0.00615033558102175,0.00249075786719644,0.00249075786719644,"Colima",114.46
"202",6,2020,0.0251868253528923,1,53,36,0.593155893536122,7474.17462482947,0.588235294117647,0.04,-0.00615033558102175,0.00249075786719644,0.00249075786719644,"Colima",122.6
"203",6,2020,0.0251868253528923,1,53,36,0.593155893536122,7474.17462482947,0.588235294117647,0.04,-0.00615033558102175,0.00249075786719644,0.00249075786719644,"Colima",132.09
"204",6,2020,0.0251868253528923,1,53,36,0.593155893536122,7474.17462482947,0.588235294117647,0.04,-0.00615033558102175,0.00249075786719644,0.00249075786719644,"Colima",143.05
"205",6,2021,0.030113297555158,1,52,47,0.562425049966689,7848.9610619469,0.588235294117647,0.04,-0.00122386337875607,-0.0282400857022364,-0.0282400857022364,"Colima",97.22
"206",6,2021,0.030113297555158,1,52,47,0.562425049966689,7848.9610619469,0.588235294117647,0.04,-0.00122386337875607,-0.0282400857022364,-0.0282400857022364,"Colima",105.49
"207",6,2021,0.030113297555158,1,52,47,0.562425049966689,7848.9610619469,0.588235294117647,0.04,-0.00122386337875607,-0.0282400857022364,-0.0282400857022364,"Colima",114.46
"208",6,2021,0.030113297555158,1,52,47,0.562425049966689,7848.9610619469,0.588235294117647,0.04,-0.00122386337875607,-0.0282400857022364,-0.0282400857022364,"Colima",122.6
"209",6,2021,0.030113297555158,1,52,47,0.562425049966689,7848.9610619469,0.588235294117647,0.04,-0.00122386337875607,-0.0282400857022364,-0.0282400857022364,"Colima",132.09
"210",6,2021,0.030113297555158,1,52,47,0.562425049966689,7848.9610619469,0.588235294117647,0.04,-0.00122386337875607,-0.0282400857022364,-0.0282400857022364,"Colima",143.05
"211",6,2022,0.0315825609337453,1,53,37,0.580544260243979,8419.94351090454,0.588235294117647,0.04,0.00024539999983119,-0.0101208754249464,-0.0101208754249464,"Colima",97.22
"212",6,2022,0.0315825609337453,1,53,37,0.580544260243979,8419.94351090454,0.588235294117647,0.04,0.00024539999983119,-0.0101208754249464,-0.0101208754249464,"Colima",105.49
"213",6,2022,0.0315825609337453,1,53,37,0.580544260243979,8419.94351090454,0.588235294117647,0.04,0.00024539999983119,-0.0101208754249464,-0.0101208754249464,"Colima",114.46
"214",6,2022,0.0315825609337453,1,53,37,0.580544260243979,8419.94351090454,0.588235294117647,0.04,0.00024539999983119,-0.0101208754249464,-0.0101208754249464,"Colima",122.6
"215",6,2022,0.0315825609337453,1,53,37,0.580544260243979,8419.94351090454,0.588235294117647,0.04,0.00024539999983119,-0.0101208754249464,-0.0101208754249464,"Colima",132.09
"216",6,2022,0.0315825609337453,1,53,37,0.580544260243979,8419.94351090454,0.588235294117647,0.04,0.00024539999983119,-0.0101208754249464,-0.0101208754249464,"Colima",143.05
"217",7,2017,0.00973164258330876,0,3,27,0.543454563472401,4956.41281281281,0.333333333333333,0.0175438596491228,-0.0167726456020608,0.00846507763978188,0.00846507763978188,"Chiapas",97.59
"218",7,2017,0.00973164258330876,0,3,27,0.543454563472401,4956.41281281281,0.333333333333333,0.0175438596491228,-0.0167726456020608,0.00846507763978188,0.00846507763978188,"Chiapas",104.91
"219",7,2017,0.00973164258330876,0,3,27,0.543454563472401,4956.41281281281,0.333333333333333,0.0175438596491228,-0.0167726456020608,0.00846507763978188,0.00846507763978188,"Chiapas",113.08
"220",7,2017,0.00973164258330876,0,3,27,0.543454563472401,4956.41281281281,0.333333333333333,0.0175438596491228,-0.0167726456020608,0.00846507763978188,0.00846507763978188,"Chiapas",120.6
"221",7,2017,0.00973164258330876,0,3,27,0.543454563472401,4956.41281281281,0.333333333333333,0.0175438596491228,-0.0167726456020608,0.00846507763978188,0.00846507763978188,"Chiapas",129.27
"222",7,2017,0.00973164258330876,0,3,27,0.543454563472401,4956.41281281281,0.333333333333333,0.0175438596491228,-0.0167726456020608,0.00846507763978188,0.00846507763978188,"Chiapas",139
"223",7,2018,0.0190327613104524,0,5,56,0.54114636642784,5291.43207033703,0.333333333333333,0.0175438596491228,-0.00747152687491716,0.00615688059522101,0.00615688059522101,"Chiapas",97.59
"224",7,2018,0.0190327613104524,0,5,56,0.54114636642784,5291.43207033703,0.333333333333333,0.0175438596491228,-0.00747152687491716,0.00615688059522101,0.00615688059522101,"Chiapas",104.91
"225",7,2018,0.0190327613104524,0,5,56,0.54114636642784,5291.43207033703,0.333333333333333,0.0175438596491228,-0.00747152687491716,0.00615688059522101,0.00615688059522101,"Chiapas",113.08
"226",7,2018,0.0190327613104524,0,5,56,0.54114636642784,5291.43207033703,0.333333333333333,0.0175438596491228,-0.00747152687491716,0.00615688059522101,0.00615688059522101,"Chiapas",120.6
"227",7,2018,0.0190327613104524,0,5,56,0.54114636642784,5291.43207033703,0.333333333333333,0.0175438596491228,-0.00747152687491716,0.00615688059522101,0.00615688059522101,"Chiapas",129.27
"228",7,2018,0.0190327613104524,0,5,56,0.54114636642784,5291.43207033703,0.333333333333333,0.0175438596491228,-0.00747152687491716,0.00615688059522101,0.00615688059522101,"Chiapas",139
"229",7,2019,0.0118122474354989,1,26,12,0.522995927287176,5544.53542178542,0.333333333333333,0.0175438596491228,-0.0146920407498707,-0.0119935585454434,-0.0119935585454434,"Chiapas",97.59
"230",7,2019,0.0118122474354989,1,26,12,0.522995927287176,5544.53542178542,0.333333333333333,0.0175438596491228,-0.0146920407498707,-0.0119935585454434,-0.0119935585454434,"Chiapas",104.91
"231",7,2019,0.0118122474354989,1,26,12,0.522995927287176,5544.53542178542,0.333333333333333,0.0175438596491228,-0.0146920407498707,-0.0119935585454434,-0.0119935585454434,"Chiapas",113.08
"232",7,2019,0.0118122474354989,1,26,12,0.522995927287176,5544.53542178542,0.333333333333333,0.0175438596491228,-0.0146920407498707,-0.0119935585454434,-0.0119935585454434,"Chiapas",120.6
"233",7,2019,0.0118122474354989,1,26,12,0.522995927287176,5544.53542178542,0.333333333333333,0.0175438596491228,-0.0146920407498707,-0.0119935585454434,-0.0119935585454434,"Chiapas",129.27
"234",7,2019,0.0118122474354989,1,26,12,0.522995927287176,5544.53542178542,0.333333333333333,0.0175438596491228,-0.0146920407498707,-0.0119935585454434,-0.0119935585454434,"Chiapas",139
"235",7,2020,0.0437083496667973,1,137,30,0.547565595622281,5985.50736961451,0.333333333333333,0.0175438596491228,0.0172040614814278,0.0125761097896622,0.0125761097896622,"Chiapas",97.59
"236",7,2020,0.0437083496667973,1,137,30,0.547565595622281,5985.50736961451,0.333333333333333,0.0175438596491228,0.0172040614814278,0.0125761097896622,0.0125761097896622,"Chiapas",104.91
"237",7,2020,0.0437083496667973,1,137,30,0.547565595622281,5985.50736961451,0.333333333333333,0.0175438596491228,0.0172040614814278,0.0125761097896622,0.0125761097896622,"Chiapas",113.08
"238",7,2020,0.0437083496667973,1,137,30,0.547565595622281,5985.50736961451,0.333333333333333,0.0175438596491228,0.0172040614814278,0.0125761097896622,0.0125761097896622,"Chiapas",120.6
"239",7,2020,0.0437083496667973,1,137,30,0.547565595622281,5985.50736961451,0.333333333333333,0.0175438596491228,0.0172040614814278,0.0125761097896622,0.0125761097896622,"Chiapas",129.27
"240",7,2020,0.0437083496667973,1,137,30,0.547565595622281,5985.50736961451,0.333333333333333,0.0175438596491228,0.0172040614814278,0.0125761097896622,0.0125761097896622,"Chiapas",139
"241",7,2021,0.0401533494753834,1,151,20,0.521039603960396,6230.53491827637,0.333333333333333,0.0175438596491228,0.0136490612900138,-0.0139498818722232,-0.0139498818722232,"Chiapas",97.59
"242",7,2021,0.0401533494753834,1,151,20,0.521039603960396,6230.53491827637,0.333333333333333,0.0175438596491228,0.0136490612900138,-0.0139498818722232,-0.0139498818722232,"Chiapas",104.91
"243",7,2021,0.0401533494753834,1,151,20,0.521039603960396,6230.53491827637,0.333333333333333,0.0175438596491228,0.0136490612900138,-0.0139498818722232,-0.0139498818722232,"Chiapas",113.08
"244",7,2021,0.0401533494753834,1,151,20,0.521039603960396,6230.53491827637,0.333333333333333,0.0175438596491228,0.0136490612900138,-0.0139498818722232,-0.0139498818722232,"Chiapas",120.6
"245",7,2021,0.0401533494753834,1,151,20,0.521039603960396,6230.53491827637,0.333333333333333,0.0175438596491228,0.0136490612900138,-0.0139498818722232,-0.0139498818722232,"Chiapas",129.27
"246",7,2021,0.0401533494753834,1,151,20,0.521039603960396,6230.53491827637,0.333333333333333,0.0175438596491228,0.0136490612900138,-0.0139498818722232,-0.0139498818722232,"Chiapas",139
"247",7,2022,0.0345873786407767,1,155,11,0.533734858225621,6666.90427911138,0.333333333333333,0.0175438596491228,0.00808309045540712,-0.00125462760699835,-0.00125462760699835,"Chiapas",97.59
"248",7,2022,0.0345873786407767,1,155,11,0.533734858225621,6666.90427911138,0.333333333333333,0.0175438596491228,0.00808309045540712,-0.00125462760699835,-0.00125462760699835,"Chiapas",104.91
"249",7,2022,0.0345873786407767,1,155,11,0.533734858225621,6666.90427911138,0.333333333333333,0.0175438596491228,0.00808309045540712,-0.00125462760699835,-0.00125462760699835,"Chiapas",113.08
"250",7,2022,0.0345873786407767,1,155,11,0.533734858225621,6666.90427911138,0.333333333333333,0.0175438596491228,0.00808309045540712,-0.00125462760699835,-0.00125462760699835,"Chiapas",120.6
"251",7,2022,0.0345873786407767,1,155,11,0.533734858225621,6666.90427911138,0.333333333333333,0.0175438596491228,0.00808309045540712,-0.00125462760699835,-0.00125462760699835,"Chiapas",129.27
"252",7,2022,0.0345873786407767,1,155,11,0.533734858225621,6666.90427911138,0.333333333333333,0.0175438596491228,0.00808309045540712,-0.00125462760699835,-0.00125462760699835,"Chiapas",139
"253",8,2017,0.00825806451612903,1,20,8,0.576541717049577,7700.45458996328,0.73,0.0410958904109589,-0.0088073684916928,0.0105312844024429,0.0105312844024429,"Chihuahua",97.89
"254",8,2017,0.00825806451612903,1,20,8,0.576541717049577,7700.45458996328,0.73,0.0410958904109589,-0.0088073684916928,0.0105312844024429,0.0105312844024429,"Chihuahua",104.18
"255",8,2017,0.00825806451612903,1,20,8,0.576541717049577,7700.45458996328,0.73,0.0410958904109589,-0.0088073684916928,0.0105312844024429,0.0105312844024429,"Chihuahua",112.47
"256",8,2017,0.00825806451612903,1,20,8,0.576541717049577,7700.45458996328,0.73,0.0410958904109589,-0.0088073684916928,0.0105312844024429,0.0105312844024429,"Chihuahua",120.07
"257",8,2017,0.00825806451612903,1,20,8,0.576541717049577,7700.45458996328,0.73,0.0410958904109589,-0.0088073684916928,0.0105312844024429,0.0105312844024429,"Chihuahua",130.77
"258",8,2017,0.00825806451612903,1,20,8,0.576541717049577,7700.45458996328,0.73,0.0410958904109589,-0.0088073684916928,0.0105312844024429,0.0105312844024429,"Chihuahua",143.35
"259",8,2018,0.017428043306047,1,50,13,0.56685027541312,7797.0434313461,0.73,0.0410958904109589,0.00036261029822517,0.00083984276598581,0.00083984276598581,"Chihuahua",97.89
"260",8,2018,0.017428043306047,1,50,13,0.56685027541312,7797.0434313461,0.73,0.0410958904109589,0.00036261029822517,0.00083984276598581,0.00083984276598581,"Chihuahua",104.18
"261",8,2018,0.017428043306047,1,50,13,0.56685027541312,7797.0434313461,0.73,0.0410958904109589,0.00036261029822517,0.00083984276598581,0.00083984276598581,"Chihuahua",112.47
"262",8,2018,0.017428043306047,1,50,13,0.56685027541312,7797.0434313461,0.73,0.0410958904109589,0.00036261029822517,0.00083984276598581,0.00083984276598581,"Chihuahua",120.07
"263",8,2018,0.017428043306047,1,50,13,0.56685027541312,7797.0434313461,0.73,0.0410958904109589,0.00036261029822517,0.00083984276598581,0.00083984276598581,"Chihuahua",130.77
"264",8,2018,0.017428043306047,1,50,13,0.56685027541312,7797.0434313461,0.73,0.0410958904109589,0.00036261029822517,0.00083984276598581,0.00083984276598581,"Chihuahua",143.35
"265",8,2019,0.0206797338608164,1,66,46,0.576250220887083,8152.50938240117,0.73,0.0410958904109589,0.00361430085299456,0.0102397882399486,0.0102397882399486,"Chihuahua",97.89
"266",8,2019,0.0206797338608164,1,66,46,0.576250220887083,8152.50938240117,0.73,0.0410958904109589,0.00361430085299456,0.0102397882399486,0.0102397882399486,"Chihuahua",104.18
"267",8,2019,0.0206797338608164,1,66,46,0.576250220887083,8152.50938240117,0.73,0.0410958904109589,0.00361430085299456,0.0102397882399486,0.0102397882399486,"Chihuahua",112.47
"268",8,2019,0.0206797338608164,1,66,46,0.576250220887083,8152.50938240117,0.73,0.0410958904109589,0.00361430085299456,0.0102397882399486,0.0102397882399486,"Chihuahua",120.07
"269",8,2019,0.0206797338608164,1,66,46,0.576250220887083,8152.50938240117,0.73,0.0410958904109589,0.00361430085299456,0.0102397882399486,0.0102397882399486,"Chihuahua",130.77
"270",8,2019,0.0206797338608164,1,66,46,0.576250220887083,8152.50938240117,0.73,0.0410958904109589,0.00361430085299456,0.0102397882399486,0.0102397882399486,"Chihuahua",143.35
"271",8,2020,0.0196604110813226,1,74,34,0.572287558581661,8452.72125895213,0.73,0.0410958904109589,0.00259497807350078,0.00627712593452667,0.00627712593452667,"Chihuahua",97.89
"272",8,2020,0.0196604110813226,1,74,34,0.572287558581661,8452.72125895213,0.73,0.0410958904109589,0.00259497807350078,0.00627712593452667,0.00627712593452667,"Chihuahua",104.18
"273",8,2020,0.0196604110813226,1,74,34,0.572287558581661,8452.72125895213,0.73,0.0410958904109589,0.00259497807350078,0.00627712593452667,0.00627712593452667,"Chihuahua",112.47
"274",8,2020,0.0196604110813226,1,74,34,0.572287558581661,8452.72125895213,0.73,0.0410958904109589,0.00259497807350078,0.00627712593452667,0.00627712593452667,"Chihuahua",120.07
"275",8,2020,0.0196604110813226,1,74,34,0.572287558581661,8452.72125895213,0.73,0.0410958904109589,0.00259497807350078,0.00627712593452667,0.00627712593452667,"Chihuahua",130.77
"276",8,2020,0.0196604110813226,1,74,34,0.572287558581661,8452.72125895213,0.73,0.0410958904109589,0.00259497807350078,0.00627712593452667,0.00627712593452667,"Chihuahua",143.35
"277",8,2021,0.0198467282373747,1,63,32,0.542167577413479,8730.53859610759,0.73,0.0410958904109589,0.00278129522955289,-0.0238428552336548,-0.0238428552336548,"Chihuahua",97.89
"278",8,2021,0.0198467282373747,1,63,32,0.542167577413479,8730.53859610759,0.73,0.0410958904109589,0.00278129522955289,-0.0238428552336548,-0.0238428552336548,"Chihuahua",104.18
"279",8,2021,0.0198467282373747,1,63,32,0.542167577413479,8730.53859610759,0.73,0.0410958904109589,0.00278129522955289,-0.0238428552336548,-0.0238428552336548,"Chihuahua",112.47
"280",8,2021,0.0198467282373747,1,63,32,0.542167577413479,8730.53859610759,0.73,0.0410958904109589,0.00278129522955289,-0.0238428552336548,-0.0238428552336548,"Chihuahua",120.07
"281",8,2021,0.0198467282373747,1,63,32,0.542167577413479,8730.53859610759,0.73,0.0410958904109589,0.00278129522955289,-0.0238428552336548,-0.0238428552336548,"Chihuahua",130.77
"282",8,2021,0.0198467282373747,1,63,32,0.542167577413479,8730.53859610759,0.73,0.0410958904109589,0.00278129522955289,-0.0238428552336548,-0.0238428552336548,"Chihuahua",143.35
"283",8,2022,0.0165196170452412,1,62,23,0.561965246537885,9550.41235864297,0.73,0.0410958904109589,-0.000545815962580611,-0.00404518610924909,-0.00404518610924909,"Chihuahua",97.89
"284",8,2022,0.0165196170452412,1,62,23,0.561965246537885,9550.41235864297,0.73,0.0410958904109589,-0.000545815962580611,-0.00404518610924909,-0.00404518610924909,"Chihuahua",104.18
"285",8,2022,0.0165196170452412,1,62,23,0.561965246537885,9550.41235864297,0.73,0.0410958904109589,-0.000545815962580611,-0.00404518610924909,-0.00404518610924909,"Chihuahua",112.47
"286",8,2022,0.0165196170452412,1,62,23,0.561965246537885,9550.41235864297,0.73,0.0410958904109589,-0.000545815962580611,-0.00404518610924909,-0.00404518610924909,"Chihuahua",120.07
"287",8,2022,0.0165196170452412,1,62,23,0.561965246537885,9550.41235864297,0.73,0.0410958904109589,-0.000545815962580611,-0.00404518610924909,-0.00404518610924909,"Chihuahua",130.77
"288",8,2022,0.0165196170452412,1,62,23,0.561965246537885,9550.41235864297,0.73,0.0410958904109589,-0.000545815962580611,-0.00404518610924909,-0.00404518610924909,"Chihuahua",143.35
"289",9,2017,0.0142597087378641,1,8,37,0.559145388223033,6885.36455142232,0.583479789103691,0.0445783132530121,-2.1374066955104e-05,0.0196707022627747,0.0196707022627747,"Ciudad de M<U+00E9>xico",95.68
"290",9,2017,0.0142597087378641,1,8,37,0.559145388223033,6885.36455142232,0.583479789103691,0.0445783132530121,-2.1374066955104e-05,0.0196707022627747,0.0196707022627747,"Ciudad de M<U+00E9>xico",106.46
"291",9,2017,0.0142597087378641,1,8,37,0.559145388223033,6885.36455142232,0.583479789103691,0.0445783132530121,-2.1374066955104e-05,0.0196707022627747,0.0196707022627747,"Ciudad de M<U+00E9>xico",118.73
"292",9,2017,0.0142597087378641,1,8,37,0.559145388223033,6885.36455142232,0.583479789103691,0.0445783132530121,-2.1374066955104e-05,0.0196707022627747,0.0196707022627747,"Ciudad de M<U+00E9>xico",125.33
"293",9,2017,0.0142597087378641,1,8,37,0.559145388223033,6885.36455142232,0.583479789103691,0.0445783132530121,-2.1374066955104e-05,0.0196707022627747,0.0196707022627747,"Ciudad de M<U+00E9>xico",124.87
"294",9,2017,0.0142597087378641,1,8,37,0.559145388223033,6885.36455142232,0.583479789103691,0.0445783132530121,-2.1374066955104e-05,0.0196707022627747,0.0196707022627747,"Ciudad de M<U+00E9>xico",132.98
"295",9,2018,0.0138932743921692,1,2,39,0.560992047445747,7122.60839160839,0.583479789103691,0.0445783132530121,-0.000387808412649937,0.0215173614854892,0.0215173614854892,"Ciudad de M<U+00E9>xico",95.68
"296",9,2018,0.0138932743921692,1,2,39,0.560992047445747,7122.60839160839,0.583479789103691,0.0445783132530121,-0.000387808412649937,0.0215173614854892,0.0215173614854892,"Ciudad de M<U+00E9>xico",106.46
"297",9,2018,0.0138932743921692,1,2,39,0.560992047445747,7122.60839160839,0.583479789103691,0.0445783132530121,-0.000387808412649937,0.0215173614854892,0.0215173614854892,"Ciudad de M<U+00E9>xico",118.73
"298",9,2018,0.0138932743921692,1,2,39,0.560992047445747,7122.60839160839,0.583479789103691,0.0445783132530121,-0.000387808412649937,0.0215173614854892,0.0215173614854892,"Ciudad de M<U+00E9>xico",125.33
"299",9,2018,0.0138932743921692,1,2,39,0.560992047445747,7122.60839160839,0.583479789103691,0.0445783132530121,-0.000387808412649937,0.0215173614854892,0.0215173614854892,"Ciudad de M<U+00E9>xico",124.87
"300",9,2018,0.0138932743921692,1,2,39,0.560992047445747,7122.60839160839,0.583479789103691,0.0445783132530121,-0.000387808412649937,0.0215173614854892,0.0215173614854892,"Ciudad de M<U+00E9>xico",132.98
"301",9,2019,0.0184654568608723,1,7,49,0.558522651786901,7328.06549815498,0.583479789103691,0.0445783132530121,0.00418437405605315,0.0190479658266424,0.0190479658266424,"Ciudad de M<U+00E9>xico",95.68
"302",9,2019,0.0184654568608723,1,7,49,0.558522651786901,7328.06549815498,0.583479789103691,0.0445783132530121,0.00418437405605315,0.0190479658266424,0.0190479658266424,"Ciudad de M<U+00E9>xico",106.46
"303",9,2019,0.0184654568608723,1,7,49,0.558522651786901,7328.06549815498,0.583479789103691,0.0445783132530121,0.00418437405605315,0.0190479658266424,0.0190479658266424,"Ciudad de M<U+00E9>xico",118.73
"304",9,2019,0.0184654568608723,1,7,49,0.558522651786901,7328.06549815498,0.583479789103691,0.0445783132530121,0.00418437405605315,0.0190479658266424,0.0190479658266424,"Ciudad de M<U+00E9>xico",125.33
"305",9,2019,0.0184654568608723,1,7,49,0.558522651786901,7328.06549815498,0.583479789103691,0.0445783132530121,0.00418437405605315,0.0190479658266424,0.0190479658266424,"Ciudad de M<U+00E9>xico",124.87
"306",9,2019,0.0184654568608723,1,7,49,0.558522651786901,7328.06549815498,0.583479789103691,0.0445783132530121,0.00418437405605315,0.0190479658266424,0.0190479658266424,"Ciudad de M<U+00E9>xico",132.98
"307",9,2020,0.0121419676214197,1,8,24,0.554814233385662,8423.8230012826,0.583479789103691,0.0445783132530121,-0.00213911518339951,0.0153395474254038,0.0153395474254038,"Ciudad de M<U+00E9>xico",95.68
"308",9,2020,0.0121419676214197,1,8,24,0.554814233385662,8423.8230012826,0.583479789103691,0.0445783132530121,-0.00213911518339951,0.0153395474254038,0.0153395474254038,"Ciudad de M<U+00E9>xico",106.46
"309",9,2020,0.0121419676214197,1,8,24,0.554814233385662,8423.8230012826,0.583479789103691,0.0445783132530121,-0.00213911518339951,0.0153395474254038,0.0153395474254038,"Ciudad de M<U+00E9>xico",118.73
"310",9,2020,0.0121419676214197,1,8,24,0.554814233385662,8423.8230012826,0.583479789103691,0.0445783132530121,-0.00213911518339951,0.0153395474254038,0.0153395474254038,"Ciudad de M<U+00E9>xico",125.33
"311",9,2020,0.0121419676214197,1,8,24,0.554814233385662,8423.8230012826,0.583479789103691,0.0445783132530121,-0.00213911518339951,0.0153395474254038,0.0153395474254038,"Ciudad de M<U+00E9>xico",124.87
"312",9,2020,0.0121419676214197,1,8,24,0.554814233385662,8423.8230012826,0.583479789103691,0.0445783132530121,-0.00213911518339951,0.0153395474254038,0.0153395474254038,"Ciudad de M<U+00E9>xico",132.98
"313",9,2021,0.0101337657073368,1,8,15,0.4623063170441,8120.15961305925,0.583479789103691,0.0445783132530121,-0.00414731709748234,-0.077168368916158,-0.077168368916158,"Ciudad de M<U+00E9>xico",95.68
"314",9,2021,0.0101337657073368,1,8,15,0.4623063170441,8120.15961305925,0.583479789103691,0.0445783132530121,-0.00414731709748234,-0.077168368916158,-0.077168368916158,"Ciudad de M<U+00E9>xico",106.46
"315",9,2021,0.0101337657073368,1,8,15,0.4623063170441,8120.15961305925,0.583479789103691,0.0445783132530121,-0.00414731709748234,-0.077168368916158,-0.077168368916158,"Ciudad de M<U+00E9>xico",118.73
"316",9,2021,0.0101337657073368,1,8,15,0.4623063170441,8120.15961305925,0.583479789103691,0.0445783132530121,-0.00414731709748234,-0.077168368916158,-0.077168368916158,"Ciudad de M<U+00E9>xico",125.33
"317",9,2021,0.0101337657073368,1,8,15,0.4623063170441,8120.15961305925,0.583479789103691,0.0445783132530121,-0.00414731709748234,-0.077168368916158,-0.077168368916158,"Ciudad de M<U+00E9>xico",124.87
"318",9,2021,0.0101337657073368,1,8,15,0.4623063170441,8120.15961305925,0.583479789103691,0.0445783132530121,-0.00414731709748234,-0.077168368916158,-0.077168368916158,"Ciudad de M<U+00E9>xico",132.98
"319",9,2022,0.0167923235092529,1,26,20,0.541067477876106,9099.89677744209,0.583479789103691,0.0445783132530121,0.00251124070443373,0.00159279191584805,0.00159279191584805,"Ciudad de M<U+00E9>xico",95.68
"320",9,2022,0.0167923235092529,1,26,20,0.541067477876106,9099.89677744209,0.583479789103691,0.0445783132530121,0.00251124070443373,0.00159279191584805,0.00159279191584805,"Ciudad de M<U+00E9>xico",106.46
"321",9,2022,0.0167923235092529,1,26,20,0.541067477876106,9099.89677744209,0.583479789103691,0.0445783132530121,0.00251124070443373,0.00159279191584805,0.00159279191584805,"Ciudad de M<U+00E9>xico",118.73
"322",9,2022,0.0167923235092529,1,26,20,0.541067477876106,9099.89677744209,0.583479789103691,0.0445783132530121,0.00251124070443373,0.00159279191584805,0.00159279191584805,"Ciudad de M<U+00E9>xico",125.33
"323",9,2022,0.0167923235092529,1,26,20,0.541067477876106,9099.89677744209,0.583479789103691,0.0445783132530121,0.00251124070443373,0.00159279191584805,0.00159279191584805,"Ciudad de M<U+00E9>xico",124.87
"324",9,2022,0.0167923235092529,1,26,20,0.541067477876106,9099.89677744209,0.583479789103691,0.0445783132530121,0.00251124070443373,0.00159279191584805,0.00159279191584805,"Ciudad de M<U+00E9>xico",132.98
"325",10,2017,0.0271084337349398,0,14,75,0.547849528244088,5765.78271666253,0.363636363636364,0.0192307692307692,0.00392003903839651,0.000193063465801391,0.000193063465801391,"Durango",98.13
"326",10,2017,0.0271084337349398,0,14,75,0.547849528244088,5765.78271666253,0.363636363636364,0.0192307692307692,0.00392003903839651,0.000193063465801391,0.000193063465801391,"Durango",103.84
"327",10,2017,0.0271084337349398,0,14,75,0.547849528244088,5765.78271666253,0.363636363636364,0.0192307692307692,0.00392003903839651,0.000193063465801391,0.000193063465801391,"Durango",111.09
"328",10,2017,0.0271084337349398,0,14,75,0.547849528244088,5765.78271666253,0.363636363636364,0.0192307692307692,0.00392003903839651,0.000193063465801391,0.000193063465801391,"Durango",117.69
"329",10,2017,0.0271084337349398,0,14,75,0.547849528244088,5765.78271666253,0.363636363636364,0.0192307692307692,0.00392003903839651,0.000193063465801391,0.000193063465801391,"Durango",126.01
"330",10,2017,0.0271084337349398,0,14,75,0.547849528244088,5765.78271666253,0.363636363636364,0.0192307692307692,0.00392003903839651,0.000193063465801391,0.000193063465801391,"Durango",133.22
"331",10,2018,0.0270334360920085,0,15,97,0.55331500152765,5895.95829750645,0.363636363636364,0.0192307692307692,0.00384504139546529,0.00565853674936412,0.00565853674936412,"Durango",98.13
"332",10,2018,0.0270334360920085,0,15,97,0.55331500152765,5895.95829750645,0.363636363636364,0.0192307692307692,0.00384504139546529,0.00565853674936412,0.00565853674936412,"Durango",103.84
"333",10,2018,0.0270334360920085,0,15,97,0.55331500152765,5895.95829750645,0.363636363636364,0.0192307692307692,0.00384504139546529,0.00565853674936412,0.00565853674936412,"Durango",111.09
"334",10,2018,0.0270334360920085,0,15,97,0.55331500152765,5895.95829750645,0.363636363636364,0.0192307692307692,0.00384504139546529,0.00565853674936412,0.00565853674936412,"Durango",117.69
"335",10,2018,0.0270334360920085,0,15,97,0.55331500152765,5895.95829750645,0.363636363636364,0.0192307692307692,0.00384504139546529,0.00565853674936412,0.00565853674936412,"Durango",126.01
"336",10,2018,0.0270334360920085,0,15,97,0.55331500152765,5895.95829750645,0.363636363636364,0.0192307692307692,0.00384504139546529,0.00565853674936412,0.00565853674936412,"Durango",133.22
"337",10,2019,0.0213358070500928,0,15,75,0.556324606279466,6324.20065252855,0.363636363636364,0.0192307692307692,-0.00185258764645049,0.00866814150118,0.00866814150118,"Durango",98.13
"338",10,2019,0.0213358070500928,0,15,75,0.556324606279466,6324.20065252855,0.363636363636364,0.0192307692307692,-0.00185258764645049,0.00866814150118,0.00866814150118,"Durango",103.84
"339",10,2019,0.0213358070500928,0,15,75,0.556324606279466,6324.20065252855,0.363636363636364,0.0192307692307692,-0.00185258764645049,0.00866814150118,0.00866814150118,"Durango",111.09
"340",10,2019,0.0213358070500928,0,15,75,0.556324606279466,6324.20065252855,0.363636363636364,0.0192307692307692,-0.00185258764645049,0.00866814150118,0.00866814150118,"Durango",117.69
"341",10,2019,0.0213358070500928,0,15,75,0.556324606279466,6324.20065252855,0.363636363636364,0.0192307692307692,-0.00185258764645049,0.00866814150118,0.00866814150118,"Durango",126.01
"342",10,2019,0.0213358070500928,0,15,75,0.556324606279466,6324.20065252855,0.363636363636364,0.0192307692307692,-0.00185258764645049,0.00866814150118,0.00866814150118,"Durango",133.22
"343",10,2020,0.0222059541239629,0,13,75,0.547574819401445,6880.49217638691,0.363636363636364,0.0192307692307692,-0.000982440572580342,-8.16453768415215e-05,-8.16453768415215e-05,"Durango",98.13
"344",10,2020,0.0222059541239629,0,13,75,0.547574819401445,6880.49217638691,0.363636363636364,0.0192307692307692,-0.000982440572580342,-8.16453768415215e-05,-8.16453768415215e-05,"Durango",103.84
"345",10,2020,0.0222059541239629,0,13,75,0.547574819401445,6880.49217638691,0.363636363636364,0.0192307692307692,-0.000982440572580342,-8.16453768415215e-05,-8.16453768415215e-05,"Durango",111.09
"346",10,2020,0.0222059541239629,0,13,75,0.547574819401445,6880.49217638691,0.363636363636364,0.0192307692307692,-0.000982440572580342,-8.16453768415215e-05,-8.16453768415215e-05,"Durango",117.69
"347",10,2020,0.0222059541239629,0,13,75,0.547574819401445,6880.49217638691,0.363636363636364,0.0192307692307692,-0.000982440572580342,-8.16453768415215e-05,-8.16453768415215e-05,"Durango",126.01
"348",10,2020,0.0222059541239629,0,13,75,0.547574819401445,6880.49217638691,0.363636363636364,0.0192307692307692,-0.000982440572580342,-8.16453768415215e-05,-8.16453768415215e-05,"Durango",133.22
"349",10,2021,0.0228777844671884,0,14,60,0.528027596402612,6917.27480719794,0.363636363636364,0.0192307692307692,-0.000310610229354809,-0.0196288683756746,-0.0196288683756746,"Durango",98.13
"350",10,2021,0.0228777844671884,0,14,60,0.528027596402612,6917.27480719794,0.363636363636364,0.0192307692307692,-0.000310610229354809,-0.0196288683756746,-0.0196288683756746,"Durango",103.84
"351",10,2021,0.0228777844671884,0,14,60,0.528027596402612,6917.27480719794,0.363636363636364,0.0192307692307692,-0.000310610229354809,-0.0196288683756746,-0.0196288683756746,"Durango",111.09
"352",10,2021,0.0228777844671884,0,14,60,0.528027596402612,6917.27480719794,0.363636363636364,0.0192307692307692,-0.000310610229354809,-0.0196288683756746,-0.0196288683756746,"Durango",117.69
"353",10,2021,0.0228777844671884,0,14,60,0.528027596402612,6917.27480719794,0.363636363636364,0.0192307692307692,-0.000310610229354809,-0.0196288683756746,-0.0196288683756746,"Durango",126.01
"354",10,2021,0.0228777844671884,0,14,60,0.528027596402612,6917.27480719794,0.363636363636364,0.0192307692307692,-0.000310610229354809,-0.0196288683756746,-0.0196288683756746,"Durango",133.22
"355",10,2022,0.0185689527110671,0,17,55,0.552847236814457,7524.61997896951,0.363636363636364,0.0192307692307692,-0.00461944198547615,0.00519077203617047,0.00519077203617047,"Durango",98.13
"356",10,2022,0.0185689527110671,0,17,55,0.552847236814457,7524.61997896951,0.363636363636364,0.0192307692307692,-0.00461944198547615,0.00519077203617047,0.00519077203617047,"Durango",103.84
"357",10,2022,0.0185689527110671,0,17,55,0.552847236814457,7524.61997896951,0.363636363636364,0.0192307692307692,-0.00461944198547615,0.00519077203617047,0.00519077203617047,"Durango",111.09
"358",10,2022,0.0185689527110671,0,17,55,0.552847236814457,7524.61997896951,0.363636363636364,0.0192307692307692,-0.00461944198547615,0.00519077203617047,0.00519077203617047,"Durango",117.69
"359",10,2022,0.0185689527110671,0,17,55,0.552847236814457,7524.61997896951,0.363636363636364,0.0192307692307692,-0.00461944198547615,0.00519077203617047,0.00519077203617047,"Durango",126.01
"360",10,2022,0.0185689527110671,0,17,55,0.552847236814457,7524.61997896951,0.363636363636364,0.0192307692307692,-0.00461944198547615,0.00519077203617047,0.00519077203617047,"Durango",133.22
"361",11,2017,0.0075214899713467,0,8,30,0.577779570760045,5864.35628858025,0.756983240223464,0.0553505535055351,-0.00103947630579526,0.0163335906491189,0.0163335906491189,"Guanajuato",96.97
"362",11,2017,0.0075214899713467,0,8,30,0.577779570760045,5864.35628858025,0.756983240223464,0.0553505535055351,-0.00103947630579526,0.0163335906491189,0.0163335906491189,"Guanajuato",105.8
"363",11,2017,0.0075214899713467,0,8,30,0.577779570760045,5864.35628858025,0.756983240223464,0.0553505535055351,-0.00103947630579526,0.0163335906491189,0.0163335906491189,"Guanajuato",115.76
"364",11,2017,0.0075214899713467,0,8,30,0.577779570760045,5864.35628858025,0.756983240223464,0.0553505535055351,-0.00103947630579526,0.0163335906491189,0.0163335906491189,"Guanajuato",124.24
"365",11,2017,0.0075214899713467,0,8,30,0.577779570760045,5864.35628858025,0.756983240223464,0.0553505535055351,-0.00103947630579526,0.0163335906491189,0.0163335906491189,"Guanajuato",132.53
"366",11,2017,0.0075214899713467,0,8,30,0.577779570760045,5864.35628858025,0.756983240223464,0.0553505535055351,-0.00103947630579526,0.0163335906491189,0.0163335906491189,"Guanajuato",140.98
"367",11,2018,0.00928454396504642,0,9,39,0.568727392305163,6277.23157686212,0.756983240223464,0.0553505535055351,0.000723577687904453,0.0072814121942365,0.0072814121942365,"Guanajuato",96.97
"368",11,2018,0.00928454396504642,0,9,39,0.568727392305163,6277.23157686212,0.756983240223464,0.0553505535055351,0.000723577687904453,0.0072814121942365,0.0072814121942365,"Guanajuato",105.8
"369",11,2018,0.00928454396504642,0,9,39,0.568727392305163,6277.23157686212,0.756983240223464,0.0553505535055351,0.000723577687904453,0.0072814121942365,0.0072814121942365,"Guanajuato",115.76
"370",11,2018,0.00928454396504642,0,9,39,0.568727392305163,6277.23157686212,0.756983240223464,0.0553505535055351,0.000723577687904453,0.0072814121942365,0.0072814121942365,"Guanajuato",124.24
"371",11,2018,0.00928454396504642,0,9,39,0.568727392305163,6277.23157686212,0.756983240223464,0.0553505535055351,0.000723577687904453,0.0072814121942365,0.0072814121942365,"Guanajuato",132.53
"372",11,2018,0.00928454396504642,0,9,39,0.568727392305163,6277.23157686212,0.756983240223464,0.0553505535055351,0.000723577687904453,0.0072814121942365,0.0072814121942365,"Guanajuato",140.98
"373",11,2019,0.00920015020653399,0,12,34,0.557445043550394,6684.43238668422,0.756983240223464,0.0553505535055351,0.000639183929392016,-0.00400093656053224,-0.00400093656053224,"Guanajuato",96.97
"374",11,2019,0.00920015020653399,0,12,34,0.557445043550394,6684.43238668422,0.756983240223464,0.0553505535055351,0.000639183929392016,-0.00400093656053224,-0.00400093656053224,"Guanajuato",105.8
"375",11,2019,0.00920015020653399,0,12,34,0.557445043550394,6684.43238668422,0.756983240223464,0.0553505535055351,0.000639183929392016,-0.00400093656053224,-0.00400093656053224,"Guanajuato",115.76
"376",11,2019,0.00920015020653399,0,12,34,0.557445043550394,6684.43238668422,0.756983240223464,0.0553505535055351,0.000639183929392016,-0.00400093656053224,-0.00400093656053224,"Guanajuato",124.24
"377",11,2019,0.00920015020653399,0,12,34,0.557445043550394,6684.43238668422,0.756983240223464,0.0553505535055351,0.000639183929392016,-0.00400093656053224,-0.00400093656053224,"Guanajuato",132.53
"378",11,2019,0.00920015020653399,0,12,34,0.557445043550394,6684.43238668422,0.756983240223464,0.0553505535055351,0.000639183929392016,-0.00400093656053224,-0.00400093656053224,"Guanajuato",140.98
"379",11,2020,0.00890909090909091,0,16,30,0.569836978782666,6980.76658209496,0.756983240223464,0.0553505535055351,0.000348124631948941,0.00839099867173942,0.00839099867173942,"Guanajuato",96.97
"380",11,2020,0.00890909090909091,0,16,30,0.569836978782666,6980.76658209496,0.756983240223464,0.0553505535055351,0.000348124631948941,0.00839099867173942,0.00839099867173942,"Guanajuato",105.8
"381",11,2020,0.00890909090909091,0,16,30,0.569836978782666,6980.76658209496,0.756983240223464,0.0553505535055351,0.000348124631948941,0.00839099867173942,0.00839099867173942,"Guanajuato",115.76
"382",11,2020,0.00890909090909091,0,16,30,0.569836978782666,6980.76658209496,0.756983240223464,0.0553505535055351,0.000348124631948941,0.00839099867173942,0.00839099867173942,"Guanajuato",124.24
"383",11,2020,0.00890909090909091,0,16,30,0.569836978782666,6980.76658209496,0.756983240223464,0.0553505535055351,0.000348124631948941,0.00839099867173942,0.00839099867173942,"Guanajuato",132.53
"384",11,2020,0.00890909090909091,0,16,30,0.569836978782666,6980.76658209496,0.756983240223464,0.0553505535055351,0.000348124631948941,0.00839099867173942,0.00839099867173942,"Guanajuato",140.98
"385",11,2021,0.00869565217391304,0,9,34,0.535324232081911,7024.17717915024,0.756983240223464,0.0553505535055351,0.000134685896771075,-0.026121748029015,-0.026121748029015,"Guanajuato",96.97
"386",11,2021,0.00869565217391304,0,9,34,0.535324232081911,7024.17717915024,0.756983240223464,0.0553505535055351,0.000134685896771075,-0.026121748029015,-0.026121748029015,"Guanajuato",105.8
"387",11,2021,0.00869565217391304,0,9,34,0.535324232081911,7024.17717915024,0.756983240223464,0.0553505535055351,0.000134685896771075,-0.026121748029015,-0.026121748029015,"Guanajuato",115.76
"388",11,2021,0.00869565217391304,0,9,34,0.535324232081911,7024.17717915024,0.756983240223464,0.0553505535055351,0.000134685896771075,-0.026121748029015,-0.026121748029015,"Guanajuato",124.24
"389",11,2021,0.00869565217391304,0,9,34,0.535324232081911,7024.17717915024,0.756983240223464,0.0553505535055351,0.000134685896771075,-0.026121748029015,-0.026121748029015,"Guanajuato",132.53
"390",11,2021,0.00869565217391304,0,9,34,0.535324232081911,7024.17717915024,0.756983240223464,0.0553505535055351,0.000134685896771075,-0.026121748029015,-0.026121748029015,"Guanajuato",140.98
"391",11,2022,0.00775487043692075,1,27,11,0.559562663185379,7681.33842128216,0.756983240223464,0.0553505535055351,-0.00080609584022122,-0.00188331692554766,-0.00188331692554766,"Guanajuato",96.97
"392",11,2022,0.00775487043692075,1,27,11,0.559562663185379,7681.33842128216,0.756983240223464,0.0553505535055351,-0.00080609584022122,-0.00188331692554766,-0.00188331692554766,"Guanajuato",105.8
"393",11,2022,0.00775487043692075,1,27,11,0.559562663185379,7681.33842128216,0.756983240223464,0.0553505535055351,-0.00080609584022122,-0.00188331692554766,-0.00188331692554766,"Guanajuato",115.76
"394",11,2022,0.00775487043692075,1,27,11,0.559562663185379,7681.33842128216,0.756983240223464,0.0553505535055351,-0.00080609584022122,-0.00188331692554766,-0.00188331692554766,"Guanajuato",124.24
"395",11,2022,0.00775487043692075,1,27,11,0.559562663185379,7681.33842128216,0.756983240223464,0.0553505535055351,-0.00080609584022122,-0.00188331692554766,-0.00188331692554766,"Guanajuato",132.53
"396",11,2022,0.00775487043692075,1,27,11,0.559562663185379,7681.33842128216,0.756983240223464,0.0553505535055351,-0.00080609584022122,-0.00188331692554766,-0.00188331692554766,"Guanajuato",140.98
"397",12,2017,0.0163576881134133,0,8,36,0.544874768089054,4695.75785417902,0.545454545454545,0.0303030303030303,-0.00619184563256247,0.00450663669715523,0.00450663669715523,"Guerrero",97.56
"398",12,2017,0.0163576881134133,0,8,36,0.544874768089054,4695.75785417902,0.545454545454545,0.0303030303030303,-0.00619184563256247,0.00450663669715523,0.00450663669715523,"Guerrero",104.72
"399",12,2017,0.0163576881134133,0,8,36,0.544874768089054,4695.75785417902,0.545454545454545,0.0303030303030303,-0.00619184563256247,0.00450663669715523,0.00450663669715523,"Guerrero",112.33
"400",12,2017,0.0163576881134133,0,8,36,0.544874768089054,4695.75785417902,0.545454545454545,0.0303030303030303,-0.00619184563256247,0.00450663669715523,0.00450663669715523,"Guerrero",119.47
"401",12,2017,0.0163576881134133,0,8,36,0.544874768089054,4695.75785417902,0.545454545454545,0.0303030303030303,-0.00619184563256247,0.00450663669715523,0.00450663669715523,"Guerrero",127.05
"402",12,2017,0.0163576881134133,0,8,36,0.544874768089054,4695.75785417902,0.545454545454545,0.0303030303030303,-0.00619184563256247,0.00450663669715523,0.00450663669715523,"Guerrero",139.68
"403",12,2018,0.022274325908558,0,9,45,0.531185410334347,4869.12527267061,0.545454545454545,0.0303030303030303,-0.000275207837417739,-0.00918272105755202,-0.00918272105755202,"Guerrero",97.56
"404",12,2018,0.022274325908558,0,9,45,0.531185410334347,4869.12527267061,0.545454545454545,0.0303030303030303,-0.000275207837417739,-0.00918272105755202,-0.00918272105755202,"Guerrero",104.72
"405",12,2018,0.022274325908558,0,9,45,0.531185410334347,4869.12527267061,0.545454545454545,0.0303030303030303,-0.000275207837417739,-0.00918272105755202,-0.00918272105755202,"Guerrero",112.33
"406",12,2018,0.022274325908558,0,9,45,0.531185410334347,4869.12527267061,0.545454545454545,0.0303030303030303,-0.000275207837417739,-0.00918272105755202,-0.00918272105755202,"Guerrero",119.47
"407",12,2018,0.022274325908558,0,9,45,0.531185410334347,4869.12527267061,0.545454545454545,0.0303030303030303,-0.000275207837417739,-0.00918272105755202,-0.00918272105755202,"Guerrero",127.05
"408",12,2018,0.022274325908558,0,9,45,0.531185410334347,4869.12527267061,0.545454545454545,0.0303030303030303,-0.000275207837417739,-0.00918272105755202,-0.00918272105755202,"Guerrero",139.68
"409",12,2019,0.0200286123032904,0,8,47,0.555403556771546,4912.3881059752,0.545454545454545,0.0303030303030303,-0.00252092144268536,0.0150354253796473,0.0150354253796473,"Guerrero",97.56
"410",12,2019,0.0200286123032904,0,8,47,0.555403556771546,4912.3881059752,0.545454545454545,0.0303030303030303,-0.00252092144268536,0.0150354253796473,0.0150354253796473,"Guerrero",104.72
"411",12,2019,0.0200286123032904,0,8,47,0.555403556771546,4912.3881059752,0.545454545454545,0.0303030303030303,-0.00252092144268536,0.0150354253796473,0.0150354253796473,"Guerrero",112.33
"412",12,2019,0.0200286123032904,0,8,47,0.555403556771546,4912.3881059752,0.545454545454545,0.0303030303030303,-0.00252092144268536,0.0150354253796473,0.0150354253796473,"Guerrero",119.47
"413",12,2019,0.0200286123032904,0,8,47,0.555403556771546,4912.3881059752,0.545454545454545,0.0303030303030303,-0.00252092144268536,0.0150354253796473,0.0150354253796473,"Guerrero",127.05
"414",12,2019,0.0200286123032904,0,8,47,0.555403556771546,4912.3881059752,0.545454545454545,0.0303030303030303,-0.00252092144268536,0.0150354253796473,0.0150354253796473,"Guerrero",139.68
"415",12,2020,0.0195394277739009,0,5,51,0.564362130449787,5475.17886855241,0.545454545454545,0.0303030303030303,-0.00301010597207486,0.0239939990578887,0.0239939990578887,"Guerrero",97.56
"416",12,2020,0.0195394277739009,0,5,51,0.564362130449787,5475.17886855241,0.545454545454545,0.0303030303030303,-0.00301010597207486,0.0239939990578887,0.0239939990578887,"Guerrero",104.72
"417",12,2020,0.0195394277739009,0,5,51,0.564362130449787,5475.17886855241,0.545454545454545,0.0303030303030303,-0.00301010597207486,0.0239939990578887,0.0239939990578887,"Guerrero",112.33
"418",12,2020,0.0195394277739009,0,5,51,0.564362130449787,5475.17886855241,0.545454545454545,0.0303030303030303,-0.00301010597207486,0.0239939990578887,0.0239939990578887,"Guerrero",119.47
"419",12,2020,0.0195394277739009,0,5,51,0.564362130449787,5475.17886855241,0.545454545454545,0.0303030303030303,-0.00301010597207486,0.0239939990578887,0.0239939990578887,"Guerrero",127.05
"420",12,2020,0.0195394277739009,0,5,51,0.564362130449787,5475.17886855241,0.545454545454545,0.0303030303030303,-0.00301010597207486,0.0239939990578887,0.0239939990578887,"Guerrero",139.68
"421",12,2021,0.0403422982885086,0,10,52,0.519567354965585,6211.18641304348,0.545454545454545,0.0303030303030303,0.0177927645425328,-0.0208007764263135,-0.0208007764263135,"Guerrero",97.56
"422",12,2021,0.0403422982885086,0,10,52,0.519567354965585,6211.18641304348,0.545454545454545,0.0303030303030303,0.0177927645425328,-0.0208007764263135,-0.0208007764263135,"Guerrero",104.72
"423",12,2021,0.0403422982885086,0,10,52,0.519567354965585,6211.18641304348,0.545454545454545,0.0303030303030303,0.0177927645425328,-0.0208007764263135,-0.0208007764263135,"Guerrero",112.33
"424",12,2021,0.0403422982885086,0,10,52,0.519567354965585,6211.18641304348,0.545454545454545,0.0303030303030303,0.0177927645425328,-0.0208007764263135,-0.0208007764263135,"Guerrero",119.47
"425",12,2021,0.0403422982885086,0,10,52,0.519567354965585,6211.18641304348,0.545454545454545,0.0303030303030303,0.0177927645425328,-0.0208007764263135,-0.0208007764263135,"Guerrero",127.05
"426",12,2021,0.0403422982885086,0,10,52,0.519567354965585,6211.18641304348,0.545454545454545,0.0303030303030303,0.0177927645425328,-0.0208007764263135,-0.0208007764263135,"Guerrero",139.68
"427",12,2022,0.0167548500881834,0,8,30,0.526815567741073,6165.9013617961,0.545454545454545,0.0303030303030303,-0.00579468365779235,-0.0135525636508259,-0.0135525636508259,"Guerrero",97.56
"428",12,2022,0.0167548500881834,0,8,30,0.526815567741073,6165.9013617961,0.545454545454545,0.0303030303030303,-0.00579468365779235,-0.0135525636508259,-0.0135525636508259,"Guerrero",104.72
"429",12,2022,0.0167548500881834,0,8,30,0.526815567741073,6165.9013617961,0.545454545454545,0.0303030303030303,-0.00579468365779235,-0.0135525636508259,-0.0135525636508259,"Guerrero",112.33
"430",12,2022,0.0167548500881834,0,8,30,0.526815567741073,6165.9013617961,0.545454545454545,0.0303030303030303,-0.00579468365779235,-0.0135525636508259,-0.0135525636508259,"Guerrero",119.47
"431",12,2022,0.0167548500881834,0,8,30,0.526815567741073,6165.9013617961,0.545454545454545,0.0303030303030303,-0.00579468365779235,-0.0135525636508259,-0.0135525636508259,"Guerrero",127.05
"432",12,2022,0.0167548500881834,0,8,30,0.526815567741073,6165.9013617961,0.545454545454545,0.0303030303030303,-0.00579468365779235,-0.0135525636508259,-0.0135525636508259,"Guerrero",139.68
"433",13,2017,0.0163989290495315,0,8,40,0.532155385215019,6082.94991055456,0.438735177865613,0.0630630630630631,-0.0104676246109989,0.00535546412700971,0.00535546412700971,"Hidalgo",98.19
"434",13,2017,0.0163989290495315,0,8,40,0.532155385215019,6082.94991055456,0.438735177865613,0.0630630630630631,-0.0104676246109989,0.00535546412700971,0.00535546412700971,"Hidalgo",104
"435",13,2017,0.0163989290495315,0,8,40,0.532155385215019,6082.94991055456,0.438735177865613,0.0630630630630631,-0.0104676246109989,0.00535546412700971,0.00535546412700971,"Hidalgo",111.94
"436",13,2017,0.0163989290495315,0,8,40,0.532155385215019,6082.94991055456,0.438735177865613,0.0630630630630631,-0.0104676246109989,0.00535546412700971,0.00535546412700971,"Hidalgo",118.63
"437",13,2017,0.0163989290495315,0,8,40,0.532155385215019,6082.94991055456,0.438735177865613,0.0630630630630631,-0.0104676246109989,0.00535546412700971,0.00535546412700971,"Hidalgo",125.08
"438",13,2017,0.0163989290495315,0,8,40,0.532155385215019,6082.94991055456,0.438735177865613,0.0630630630630631,-0.0104676246109989,0.00535546412700971,0.00535546412700971,"Hidalgo",132.23
"439",13,2018,0.023019634394042,0,15,53,0.53394495412844,6182.11386288131,0.438735177865613,0.0630630630630631,-0.00384691926648834,0.00714503304043124,0.00714503304043124,"Hidalgo",98.19
"440",13,2018,0.023019634394042,0,15,53,0.53394495412844,6182.11386288131,0.438735177865613,0.0630630630630631,-0.00384691926648834,0.00714503304043124,0.00714503304043124,"Hidalgo",104
"441",13,2018,0.023019634394042,0,15,53,0.53394495412844,6182.11386288131,0.438735177865613,0.0630630630630631,-0.00384691926648834,0.00714503304043124,0.00714503304043124,"Hidalgo",111.94
"442",13,2018,0.023019634394042,0,15,53,0.53394495412844,6182.11386288131,0.438735177865613,0.0630630630630631,-0.00384691926648834,0.00714503304043124,0.00714503304043124,"Hidalgo",118.63
"443",13,2018,0.023019634394042,0,15,53,0.53394495412844,6182.11386288131,0.438735177865613,0.0630630630630631,-0.00384691926648834,0.00714503304043124,0.00714503304043124,"Hidalgo",125.08
"444",13,2018,0.023019634394042,0,15,53,0.53394495412844,6182.11386288131,0.438735177865613,0.0630630630630631,-0.00384691926648834,0.00714503304043124,0.00714503304043124,"Hidalgo",132.23
"445",13,2019,0.0306853051483123,0,14,76,0.539463299131807,6509.73767143274,0.438735177865613,0.0630630630630631,0.00381875148778199,0.0126633780437984,0.0126633780437984,"Hidalgo",98.19
"446",13,2019,0.0306853051483123,0,14,76,0.539463299131807,6509.73767143274,0.438735177865613,0.0630630630630631,0.00381875148778199,0.0126633780437984,0.0126633780437984,"Hidalgo",104
"447",13,2019,0.0306853051483123,0,14,76,0.539463299131807,6509.73767143274,0.438735177865613,0.0630630630630631,0.00381875148778199,0.0126633780437984,0.0126633780437984,"Hidalgo",111.94
"448",13,2019,0.0306853051483123,0,14,76,0.539463299131807,6509.73767143274,0.438735177865613,0.0630630630630631,0.00381875148778199,0.0126633780437984,0.0126633780437984,"Hidalgo",118.63
"449",13,2019,0.0306853051483123,0,14,76,0.539463299131807,6509.73767143274,0.438735177865613,0.0630630630630631,0.00381875148778199,0.0126633780437984,0.0126633780437984,"Hidalgo",125.08
"450",13,2019,0.0306853051483123,0,14,76,0.539463299131807,6509.73767143274,0.438735177865613,0.0630630630630631,0.00381875148778199,0.0126633780437984,0.0126633780437984,"Hidalgo",132.23
"451",13,2020,0.0246720799500312,1,55,24,0.54234693877551,6733.45451936872,0.438735177865613,0.0630630630630631,-0.00219447371049909,0.0155470176875011,0.0155470176875011,"Hidalgo",98.19
"452",13,2020,0.0246720799500312,1,55,24,0.54234693877551,6733.45451936872,0.438735177865613,0.0630630630630631,-0.00219447371049909,0.0155470176875011,0.0155470176875011,"Hidalgo",104
"453",13,2020,0.0246720799500312,1,55,24,0.54234693877551,6733.45451936872,0.438735177865613,0.0630630630630631,-0.00219447371049909,0.0155470176875011,0.0155470176875011,"Hidalgo",111.94
"454",13,2020,0.0246720799500312,1,55,24,0.54234693877551,6733.45451936872,0.438735177865613,0.0630630630630631,-0.00219447371049909,0.0155470176875011,0.0155470176875011,"Hidalgo",118.63
"455",13,2020,0.0246720799500312,1,55,24,0.54234693877551,6733.45451936872,0.438735177865613,0.0630630630630631,-0.00219447371049909,0.0155470176875011,0.0155470176875011,"Hidalgo",125.08
"456",13,2020,0.0246720799500312,1,55,24,0.54234693877551,6733.45451936872,0.438735177865613,0.0630630630630631,-0.00219447371049909,0.0155470176875011,0.0155470176875011,"Hidalgo",132.23
"457",13,2021,0.0436665463731505,1,98,22,0.498203114601358,6984.48575215374,0.438735177865613,0.0630630630630631,0.0167999927126202,-0.0285968064866515,-0.0285968064866515,"Hidalgo",98.19
"458",13,2021,0.0436665463731505,1,98,22,0.498203114601358,6984.48575215374,0.438735177865613,0.0630630630630631,0.0167999927126202,-0.0285968064866515,-0.0285968064866515,"Hidalgo",104
"459",13,2021,0.0436665463731505,1,98,22,0.498203114601358,6984.48575215374,0.438735177865613,0.0630630630630631,0.0167999927126202,-0.0285968064866515,-0.0285968064866515,"Hidalgo",111.94
"460",13,2021,0.0436665463731505,1,98,22,0.498203114601358,6984.48575215374,0.438735177865613,0.0630630630630631,0.0167999927126202,-0.0285968064866515,-0.0285968064866515,"Hidalgo",118.63
"461",13,2021,0.0436665463731505,1,98,22,0.498203114601358,6984.48575215374,0.438735177865613,0.0630630630630631,0.0167999927126202,-0.0285968064866515,-0.0285968064866515,"Hidalgo",125.08
"462",13,2021,0.0436665463731505,1,98,22,0.498203114601358,6984.48575215374,0.438735177865613,0.0630630630630631,0.0167999927126202,-0.0285968064866515,-0.0285968064866515,"Hidalgo",132.23
"463",13,2022,0.0227568270481144,1,59,11,0.51468583467592,7403.30881440099,0.438735177865613,0.0630630630630631,-0.00410972661241588,-0.0121140864120889,-0.0121140864120889,"Hidalgo",98.19
"464",13,2022,0.0227568270481144,1,59,11,0.51468583467592,7403.30881440099,0.438735177865613,0.0630630630630631,-0.00410972661241588,-0.0121140864120889,-0.0121140864120889,"Hidalgo",104
"465",13,2022,0.0227568270481144,1,59,11,0.51468583467592,7403.30881440099,0.438735177865613,0.0630630630630631,-0.00410972661241588,-0.0121140864120889,-0.0121140864120889,"Hidalgo",111.94
"466",13,2022,0.0227568270481144,1,59,11,0.51468583467592,7403.30881440099,0.438735177865613,0.0630630630630631,-0.00410972661241588,-0.0121140864120889,-0.0121140864120889,"Hidalgo",118.63
"467",13,2022,0.0227568270481144,1,59,11,0.51468583467592,7403.30881440099,0.438735177865613,0.0630630630630631,-0.00410972661241588,-0.0121140864120889,-0.0121140864120889,"Hidalgo",125.08
"468",13,2022,0.0227568270481144,1,59,11,0.51468583467592,7403.30881440099,0.438735177865613,0.0630630630630631,-0.00410972661241588,-0.0121140864120889,-0.0121140864120889,"Hidalgo",132.23
"469",14,2017,0.00793153830098101,0,9,28,0.590913331467488,6446.33943694209,0.723765432098765,0.0490405117270789,-0.000963360557349704,0.0100006606046642,0.0100006606046642,"Jalisco",96.33
"470",14,2017,0.00793153830098101,0,9,28,0.590913331467488,6446.33943694209,0.723765432098765,0.0490405117270789,-0.000963360557349704,0.0100006606046642,0.0100006606046642,"Jalisco",106.86
"471",14,2017,0.00793153830098101,0,9,28,0.590913331467488,6446.33943694209,0.723765432098765,0.0490405117270789,-0.000963360557349704,0.0100006606046642,0.0100006606046642,"Jalisco",118.69
"472",14,2017,0.00793153830098101,0,9,28,0.590913331467488,6446.33943694209,0.723765432098765,0.0490405117270789,-0.000963360557349704,0.0100006606046642,0.0100006606046642,"Jalisco",129.8
"473",14,2017,0.00793153830098101,0,9,28,0.590913331467488,6446.33943694209,0.723765432098765,0.0490405117270789,-0.000963360557349704,0.0100006606046642,0.0100006606046642,"Jalisco",140.72
"474",14,2017,0.00793153830098101,0,9,28,0.590913331467488,6446.33943694209,0.723765432098765,0.0490405117270789,-0.000963360557349704,0.0100006606046642,0.0100006606046642,"Jalisco",151.77
"475",14,2018,0.0109697235629662,0,15,35,0.58144883096972,6815.8350591716,0.723765432098765,0.0490405117270789,0.0020748247046355,0.000536160106896832,0.000536160106896832,"Jalisco",96.33
"476",14,2018,0.0109697235629662,0,15,35,0.58144883096972,6815.8350591716,0.723765432098765,0.0490405117270789,0.0020748247046355,0.000536160106896832,0.000536160106896832,"Jalisco",106.86
"477",14,2018,0.0109697235629662,0,15,35,0.58144883096972,6815.8350591716,0.723765432098765,0.0490405117270789,0.0020748247046355,0.000536160106896832,0.000536160106896832,"Jalisco",118.69
"478",14,2018,0.0109697235629662,0,15,35,0.58144883096972,6815.8350591716,0.723765432098765,0.0490405117270789,0.0020748247046355,0.000536160106896832,0.000536160106896832,"Jalisco",129.8
"479",14,2018,0.0109697235629662,0,15,35,0.58144883096972,6815.8350591716,0.723765432098765,0.0490405117270789,0.0020748247046355,0.000536160106896832,0.000536160106896832,"Jalisco",140.72
"480",14,2018,0.0109697235629662,0,15,35,0.58144883096972,6815.8350591716,0.723765432098765,0.0490405117270789,0.0020748247046355,0.000536160106896832,0.000536160106896832,"Jalisco",151.77
"481",14,2019,0.00833854492391078,0,11,28,0.593541626976567,7088.30544135429,0.723765432098765,0.0490405117270789,-0.000556353934419933,0.0126289561137436,0.0126289561137436,"Jalisco",96.33
"482",14,2019,0.00833854492391078,0,11,28,0.593541626976567,7088.30544135429,0.723765432098765,0.0490405117270789,-0.000556353934419933,0.0126289561137436,0.0126289561137436,"Jalisco",106.86
"483",14,2019,0.00833854492391078,0,11,28,0.593541626976567,7088.30544135429,0.723765432098765,0.0490405117270789,-0.000556353934419933,0.0126289561137436,0.0126289561137436,"Jalisco",118.69
"484",14,2019,0.00833854492391078,0,11,28,0.593541626976567,7088.30544135429,0.723765432098765,0.0490405117270789,-0.000556353934419933,0.0126289561137436,0.0126289561137436,"Jalisco",129.8
"485",14,2019,0.00833854492391078,0,11,28,0.593541626976567,7088.30544135429,0.723765432098765,0.0490405117270789,-0.000556353934419933,0.0126289561137436,0.0126289561137436,"Jalisco",140.72
"486",14,2019,0.00833854492391078,0,11,28,0.593541626976567,7088.30544135429,0.723765432098765,0.0490405117270789,-0.000556353934419933,0.0126289561137436,0.0126289561137436,"Jalisco",151.77
"487",14,2020,0.0077286389008158,0,12,23,0.582352378218011,7680.80743982495,0.723765432098765,0.0490405117270789,-0.00116625995751491,0.00143970735518795,0.00143970735518795,"Jalisco",96.33
"488",14,2020,0.0077286389008158,0,12,23,0.582352378218011,7680.80743982495,0.723765432098765,0.0490405117270789,-0.00116625995751491,0.00143970735518795,0.00143970735518795,"Jalisco",106.86
"489",14,2020,0.0077286389008158,0,12,23,0.582352378218011,7680.80743982495,0.723765432098765,0.0490405117270789,-0.00116625995751491,0.00143970735518795,0.00143970735518795,"Jalisco",118.69
"490",14,2020,0.0077286389008158,0,12,23,0.582352378218011,7680.80743982495,0.723765432098765,0.0490405117270789,-0.00116625995751491,0.00143970735518795,0.00143970735518795,"Jalisco",129.8
"491",14,2020,0.0077286389008158,0,12,23,0.582352378218011,7680.80743982495,0.723765432098765,0.0490405117270789,-0.00116625995751491,0.00143970735518795,0.00143970735518795,"Jalisco",140.72
"492",14,2020,0.0077286389008158,0,12,23,0.582352378218011,7680.80743982495,0.723765432098765,0.0490405117270789,-0.00116625995751491,0.00143970735518795,0.00143970735518795,"Jalisco",151.77
"493",14,2021,0.00906704843712718,0,13,25,0.554542692190823,7962.38538125304,0.723765432098765,0.0490405117270789,0.000172149578796467,-0.026369978672,-0.026369978672,"Jalisco",96.33
"494",14,2021,0.00906704843712718,0,13,25,0.554542692190823,7962.38538125304,0.723765432098765,0.0490405117270789,0.000172149578796467,-0.026369978672,-0.026369978672,"Jalisco",106.86
"495",14,2021,0.00906704843712718,0,13,25,0.554542692190823,7962.38538125304,0.723765432098765,0.0490405117270789,0.000172149578796467,-0.026369978672,-0.026369978672,"Jalisco",118.69
"496",14,2021,0.00906704843712718,0,13,25,0.554542692190823,7962.38538125304,0.723765432098765,0.0490405117270789,0.000172149578796467,-0.026369978672,-0.026369978672,"Jalisco",129.8
"497",14,2021,0.00906704843712718,0,13,25,0.554542692190823,7962.38538125304,0.723765432098765,0.0490405117270789,0.000172149578796467,-0.026369978672,-0.026369978672,"Jalisco",140.72
"498",14,2021,0.00906704843712718,0,13,25,0.554542692190823,7962.38538125304,0.723765432098765,0.0490405117270789,0.000172149578796467,-0.026369978672,-0.026369978672,"Jalisco",151.77
"499",14,2022,0.00933389902418328,0,20,22,0.582677165354331,8165.67067808378,0.723765432098765,0.0490405117270789,0.000439000165852573,0.00176449449150728,0.00176449449150728,"Jalisco",96.33
"500",14,2022,0.00933389902418328,0,20,22,0.582677165354331,8165.67067808378,0.723765432098765,0.0490405117270789,0.000439000165852573,0.00176449449150728,0.00176449449150728,"Jalisco",106.86
"501",14,2022,0.00933389902418328,0,20,22,0.582677165354331,8165.67067808378,0.723765432098765,0.0490405117270789,0.000439000165852573,0.00176449449150728,0.00176449449150728,"Jalisco",118.69
"502",14,2022,0.00933389902418328,0,20,22,0.582677165354331,8165.67067808378,0.723765432098765,0.0490405117270789,0.000439000165852573,0.00176449449150728,0.00176449449150728,"Jalisco",129.8
"503",14,2022,0.00933389902418328,0,20,22,0.582677165354331,8165.67067808378,0.723765432098765,0.0490405117270789,0.000439000165852573,0.00176449449150728,0.00176449449150728,"Jalisco",140.72
"504",14,2022,0.00933389902418328,0,20,22,0.582677165354331,8165.67067808378,0.723765432098765,0.0490405117270789,0.000439000165852573,0.00176449449150728,0.00176449449150728,"Jalisco",151.77
"505",15,2017,0.00356760613628255,0,10,10,0.537547975957709,5533.21173948003,0.357942973523422,0.0312944523470839,-0.00119725076218769,0.0138537842159926,0.0138537842159926,"M<U+00E9>xico",97.5
"506",15,2017,0.00356760613628255,0,10,10,0.537547975957709,5533.21173948003,0.357942973523422,0.0312944523470839,-0.00119725076218769,0.0138537842159926,0.0138537842159926,"M<U+00E9>xico",104.97
"507",15,2017,0.00356760613628255,0,10,10,0.537547975957709,5533.21173948003,0.357942973523422,0.0312944523470839,-0.00119725076218769,0.0138537842159926,0.0138537842159926,"M<U+00E9>xico",112.85
"508",15,2017,0.00356760613628255,0,10,10,0.537547975957709,5533.21173948003,0.357942973523422,0.0312944523470839,-0.00119725076218769,0.0138537842159926,0.0138537842159926,"M<U+00E9>xico",120.16
"509",15,2017,0.00356760613628255,0,10,10,0.537547975957709,5533.21173948003,0.357942973523422,0.0312944523470839,-0.00119725076218769,0.0138537842159926,0.0138537842159926,"M<U+00E9>xico",126.46
"510",15,2017,0.00356760613628255,0,10,10,0.537547975957709,5533.21173948003,0.357942973523422,0.0312944523470839,-0.00119725076218769,0.0138537842159926,0.0138537842159926,"M<U+00E9>xico",134.32
"511",15,2018,0.00346652070790002,0,4,15,0.529834006280843,5585.10040045767,0.357942973523422,0.0312944523470839,-0.00129833619057022,0.00613981453912726,0.00613981453912726,"M<U+00E9>xico",97.5
"512",15,2018,0.00346652070790002,0,4,15,0.529834006280843,5585.10040045767,0.357942973523422,0.0312944523470839,-0.00129833619057022,0.00613981453912726,0.00613981453912726,"M<U+00E9>xico",104.97
"513",15,2018,0.00346652070790002,0,4,15,0.529834006280843,5585.10040045767,0.357942973523422,0.0312944523470839,-0.00129833619057022,0.00613981453912726,0.00613981453912726,"M<U+00E9>xico",112.85
"514",15,2018,0.00346652070790002,0,4,15,0.529834006280843,5585.10040045767,0.357942973523422,0.0312944523470839,-0.00129833619057022,0.00613981453912726,0.00613981453912726,"M<U+00E9>xico",120.16
"515",15,2018,0.00346652070790002,0,4,15,0.529834006280843,5585.10040045767,0.357942973523422,0.0312944523470839,-0.00129833619057022,0.00613981453912726,0.00613981453912726,"M<U+00E9>xico",126.46
"516",15,2018,0.00346652070790002,0,4,15,0.529834006280843,5585.10040045767,0.357942973523422,0.0312944523470839,-0.00129833619057022,0.00613981453912726,0.00613981453912726,"M<U+00E9>xico",134.32
"517",15,2019,0.00552282768777614,0,9,21,0.529542425588627,5772.8180744241,0.357942973523422,0.0312944523470839,0.0007579707893059,0.00584823384691113,0.00584823384691113,"M<U+00E9>xico",97.5
"518",15,2019,0.00552282768777614,0,9,21,0.529542425588627,5772.8180744241,0.357942973523422,0.0312944523470839,0.0007579707893059,0.00584823384691113,0.00584823384691113,"M<U+00E9>xico",104.97
"519",15,2019,0.00552282768777614,0,9,21,0.529542425588627,5772.8180744241,0.357942973523422,0.0312944523470839,0.0007579707893059,0.00584823384691113,0.00584823384691113,"M<U+00E9>xico",112.85
"520",15,2019,0.00552282768777614,0,9,21,0.529542425588627,5772.8180744241,0.357942973523422,0.0312944523470839,0.0007579707893059,0.00584823384691113,0.00584823384691113,"M<U+00E9>xico",120.16
"521",15,2019,0.00552282768777614,0,9,21,0.529542425588627,5772.8180744241,0.357942973523422,0.0312944523470839,0.0007579707893059,0.00584823384691113,0.00584823384691113,"M<U+00E9>xico",126.46
"522",15,2019,0.00552282768777614,0,9,21,0.529542425588627,5772.8180744241,0.357942973523422,0.0312944523470839,0.0007579707893059,0.00584823384691113,0.00584823384691113,"M<U+00E9>xico",134.32
"523",15,2020,0.00478997789240973,0,11,15,0.535554561717352,6239.72090517241,0.357942973523422,0.0312944523470839,2.51209939394863e-05,0.0118603699756362,0.0118603699756362,"M<U+00E9>xico",97.5
"524",15,2020,0.00478997789240973,0,11,15,0.535554561717352,6239.72090517241,0.357942973523422,0.0312944523470839,2.51209939394863e-05,0.0118603699756362,0.0118603699756362,"M<U+00E9>xico",104.97
"525",15,2020,0.00478997789240973,0,11,15,0.535554561717352,6239.72090517241,0.357942973523422,0.0312944523470839,2.51209939394863e-05,0.0118603699756362,0.0118603699756362,"M<U+00E9>xico",112.85
"526",15,2020,0.00478997789240973,0,11,15,0.535554561717352,6239.72090517241,0.357942973523422,0.0312944523470839,2.51209939394863e-05,0.0118603699756362,0.0118603699756362,"M<U+00E9>xico",120.16
"527",15,2020,0.00478997789240973,0,11,15,0.535554561717352,6239.72090517241,0.357942973523422,0.0312944523470839,2.51209939394863e-05,0.0118603699756362,0.0118603699756362,"M<U+00E9>xico",126.46
"528",15,2020,0.00478997789240973,0,11,15,0.535554561717352,6239.72090517241,0.357942973523422,0.0312944523470839,2.51209939394863e-05,0.0118603699756362,0.0118603699756362,"M<U+00E9>xico",134.32
"529",15,2021,0.0058021467943139,0,10,10,0.482283046891576,6714.15637692933,0.357942973523422,0.0312944523470839,0.00103728989584365,-0.0414111448501397,-0.0414111448501397,"M<U+00E9>xico",97.5
"530",15,2021,0.0058021467943139,0,10,10,0.482283046891576,6714.15637692933,0.357942973523422,0.0312944523470839,0.00103728989584365,-0.0414111448501397,-0.0414111448501397,"M<U+00E9>xico",104.97
"531",15,2021,0.0058021467943139,0,10,10,0.482283046891576,6714.15637692933,0.357942973523422,0.0312944523470839,0.00103728989584365,-0.0414111448501397,-0.0414111448501397,"M<U+00E9>xico",112.85
"532",15,2021,0.0058021467943139,0,10,10,0.482283046891576,6714.15637692933,0.357942973523422,0.0312944523470839,0.00103728989584365,-0.0414111448501397,-0.0414111448501397,"M<U+00E9>xico",120.16
"533",15,2021,0.0058021467943139,0,10,10,0.482283046891576,6714.15637692933,0.357942973523422,0.0312944523470839,0.00103728989584365,-0.0414111448501397,-0.0414111448501397,"M<U+00E9>xico",126.46
"534",15,2021,0.0058021467943139,0,10,10,0.482283046891576,6714.15637692933,0.357942973523422,0.0312944523470839,0.00103728989584365,-0.0414111448501397,-0.0414111448501397,"M<U+00E9>xico",134.32
"535",15,2022,0.00544006217213911,0,15,13,0.527403134014189,6872.82773109244,0.357942973523422,0.0312944523470839,0.000675205273668869,0.00370894227247265,0.00370894227247265,"M<U+00E9>xico",97.5
"536",15,2022,0.00544006217213911,0,15,13,0.527403134014189,6872.82773109244,0.357942973523422,0.0312944523470839,0.000675205273668869,0.00370894227247265,0.00370894227247265,"M<U+00E9>xico",104.97
"537",15,2022,0.00544006217213911,0,15,13,0.527403134014189,6872.82773109244,0.357942973523422,0.0312944523470839,0.000675205273668869,0.00370894227247265,0.00370894227247265,"M<U+00E9>xico",112.85
"538",15,2022,0.00544006217213911,0,15,13,0.527403134014189,6872.82773109244,0.357942973523422,0.0312944523470839,0.000675205273668869,0.00370894227247265,0.00370894227247265,"M<U+00E9>xico",120.16
"539",15,2022,0.00544006217213911,0,15,13,0.527403134014189,6872.82773109244,0.357942973523422,0.0312944523470839,0.000675205273668869,0.00370894227247265,0.00370894227247265,"M<U+00E9>xico",126.46
"540",15,2022,0.00544006217213911,0,15,13,0.527403134014189,6872.82773109244,0.357942973523422,0.0312944523470839,0.000675205273668869,0.00370894227247265,0.00370894227247265,"M<U+00E9>xico",134.32
"541",16,2017,0.0128055878928987,1,37,7,0.561556524656156,6173.85418482999,0.651162790697674,0.0357142857142857,-0.0120746692214921,0.00264110437219855,0.00264110437219855,"Michoac<U+00E1>n",97.38
"542",16,2017,0.0128055878928987,1,37,7,0.561556524656156,6173.85418482999,0.651162790697674,0.0357142857142857,-0.0120746692214921,0.00264110437219855,0.00264110437219855,"Michoac<U+00E1>n",105.19
"543",16,2017,0.0128055878928987,1,37,7,0.561556524656156,6173.85418482999,0.651162790697674,0.0357142857142857,-0.0120746692214921,0.00264110437219855,0.00264110437219855,"Michoac<U+00E1>n",114.22
"544",16,2017,0.0128055878928987,1,37,7,0.561556524656156,6173.85418482999,0.651162790697674,0.0357142857142857,-0.0120746692214921,0.00264110437219855,0.00264110437219855,"Michoac<U+00E1>n",122.15
"545",16,2017,0.0128055878928987,1,37,7,0.561556524656156,6173.85418482999,0.651162790697674,0.0357142857142857,-0.0120746692214921,0.00264110437219855,0.00264110437219855,"Michoac<U+00E1>n",131.11
"546",16,2017,0.0128055878928987,1,37,7,0.561556524656156,6173.85418482999,0.651162790697674,0.0357142857142857,-0.0120746692214921,0.00264110437219855,0.00264110437219855,"Michoac<U+00E1>n",145.59
"547",16,2018,0.0186046511627907,1,51,12,0.564215024741341,6250.36635220126,0.651162790697674,0.0357142857142857,-0.00627560595160013,0.00529960445738342,0.00529960445738342,"Michoac<U+00E1>n",97.38
"548",16,2018,0.0186046511627907,1,51,12,0.564215024741341,6250.36635220126,0.651162790697674,0.0357142857142857,-0.00627560595160013,0.00529960445738342,0.00529960445738342,"Michoac<U+00E1>n",105.19
"549",16,2018,0.0186046511627907,1,51,12,0.564215024741341,6250.36635220126,0.651162790697674,0.0357142857142857,-0.00627560595160013,0.00529960445738342,0.00529960445738342,"Michoac<U+00E1>n",114.22
"550",16,2018,0.0186046511627907,1,51,12,0.564215024741341,6250.36635220126,0.651162790697674,0.0357142857142857,-0.00627560595160013,0.00529960445738342,0.00529960445738342,"Michoac<U+00E1>n",122.15
"551",16,2018,0.0186046511627907,1,51,12,0.564215024741341,6250.36635220126,0.651162790697674,0.0357142857142857,-0.00627560595160013,0.00529960445738342,0.00529960445738342,"Michoac<U+00E1>n",131.11
"552",16,2018,0.0186046511627907,1,51,12,0.564215024741341,6250.36635220126,0.651162790697674,0.0357142857142857,-0.00627560595160013,0.00529960445738342,0.00529960445738342,"Michoac<U+00E1>n",145.59
"553",16,2019,0.0207445296959363,1,60,12,0.56893290308223,6814.38673068529,0.651162790697674,0.0357142857142857,-0.00413572741845448,0.0100174827982727,0.0100174827982727,"Michoac<U+00E1>n",97.38
"554",16,2019,0.0207445296959363,1,60,12,0.56893290308223,6814.38673068529,0.651162790697674,0.0357142857142857,-0.00413572741845448,0.0100174827982727,0.0100174827982727,"Michoac<U+00E1>n",105.19
"555",16,2019,0.0207445296959363,1,60,12,0.56893290308223,6814.38673068529,0.651162790697674,0.0357142857142857,-0.00413572741845448,0.0100174827982727,0.0100174827982727,"Michoac<U+00E1>n",114.22
"556",16,2019,0.0207445296959363,1,60,12,0.56893290308223,6814.38673068529,0.651162790697674,0.0357142857142857,-0.00413572741845448,0.0100174827982727,0.0100174827982727,"Michoac<U+00E1>n",122.15
"557",16,2019,0.0207445296959363,1,60,12,0.56893290308223,6814.38673068529,0.651162790697674,0.0357142857142857,-0.00413572741845448,0.0100174827982727,0.0100174827982727,"Michoac<U+00E1>n",131.11
"558",16,2019,0.0207445296959363,1,60,12,0.56893290308223,6814.38673068529,0.651162790697674,0.0357142857142857,-0.00413572741845448,0.0100174827982727,0.0100174827982727,"Michoac<U+00E1>n",145.59
"559",16,2020,0.0289683712681052,1,77,21,0.56368843069874,7039.45609257999,0.651162790697674,0.0357142857142857,0.00408811415371441,0.00477301041478284,0.00477301041478284,"Michoac<U+00E1>n",97.38
"560",16,2020,0.0289683712681052,1,77,21,0.56368843069874,7039.45609257999,0.651162790697674,0.0357142857142857,0.00408811415371441,0.00477301041478284,0.00477301041478284,"Michoac<U+00E1>n",105.19
"561",16,2020,0.0289683712681052,1,77,21,0.56368843069874,7039.45609257999,0.651162790697674,0.0357142857142857,0.00408811415371441,0.00477301041478284,0.00477301041478284,"Michoac<U+00E1>n",114.22
"562",16,2020,0.0289683712681052,1,77,21,0.56368843069874,7039.45609257999,0.651162790697674,0.0357142857142857,0.00408811415371441,0.00477301041478284,0.00477301041478284,"Michoac<U+00E1>n",122.15
"563",16,2020,0.0289683712681052,1,77,21,0.56368843069874,7039.45609257999,0.651162790697674,0.0357142857142857,0.00408811415371441,0.00477301041478284,0.00477301041478284,"Michoac<U+00E1>n",131.11
"564",16,2020,0.0289683712681052,1,77,21,0.56368843069874,7039.45609257999,0.651162790697674,0.0357142857142857,0.00408811415371441,0.00477301041478284,0.00477301041478284,"Michoac<U+00E1>n",145.59
"565",16,2021,0.0451045104510451,1,69,13,0.533566586485895,7406.88452864231,0.651162790697674,0.0357142857142857,0.0202242533366543,-0.0253488337980616,-0.0253488337980616,"Michoac<U+00E1>n",97.38
"566",16,2021,0.0451045104510451,1,69,13,0.533566586485895,7406.88452864231,0.651162790697674,0.0357142857142857,0.0202242533366543,-0.0253488337980616,-0.0253488337980616,"Michoac<U+00E1>n",105.19
"567",16,2021,0.0451045104510451,1,69,13,0.533566586485895,7406.88452864231,0.651162790697674,0.0357142857142857,0.0202242533366543,-0.0253488337980616,-0.0253488337980616,"Michoac<U+00E1>n",114.22
"568",16,2021,0.0451045104510451,1,69,13,0.533566586485895,7406.88452864231,0.651162790697674,0.0357142857142857,0.0202242533366543,-0.0253488337980616,-0.0253488337980616,"Michoac<U+00E1>n",122.15
"569",16,2021,0.0451045104510451,1,69,13,0.533566586485895,7406.88452864231,0.651162790697674,0.0357142857142857,0.0202242533366543,-0.0253488337980616,-0.0253488337980616,"Michoac<U+00E1>n",131.11
"570",16,2021,0.0451045104510451,1,69,13,0.533566586485895,7406.88452864231,0.651162790697674,0.0357142857142857,0.0202242533366543,-0.0253488337980616,-0.0253488337980616,"Michoac<U+00E1>n",145.59
"571",16,2022,0.0230538922155689,1,70,7,0.561533052039381,8086.03296703297,0.651162790697674,0.0357142857142857,-0.00182636489882197,0.00261763175542407,0.00261763175542407,"Michoac<U+00E1>n",97.38
"572",16,2022,0.0230538922155689,1,70,7,0.561533052039381,8086.03296703297,0.651162790697674,0.0357142857142857,-0.00182636489882197,0.00261763175542407,0.00261763175542407,"Michoac<U+00E1>n",105.19
"573",16,2022,0.0230538922155689,1,70,7,0.561533052039381,8086.03296703297,0.651162790697674,0.0357142857142857,-0.00182636489882197,0.00261763175542407,0.00261763175542407,"Michoac<U+00E1>n",114.22
"574",16,2022,0.0230538922155689,1,70,7,0.561533052039381,8086.03296703297,0.651162790697674,0.0357142857142857,-0.00182636489882197,0.00261763175542407,0.00261763175542407,"Michoac<U+00E1>n",122.15
"575",16,2022,0.0230538922155689,1,70,7,0.561533052039381,8086.03296703297,0.651162790697674,0.0357142857142857,-0.00182636489882197,0.00261763175542407,0.00261763175542407,"Michoac<U+00E1>n",131.11
"576",16,2022,0.0230538922155689,1,70,7,0.561533052039381,8086.03296703297,0.651162790697674,0.0357142857142857,-0.00182636489882197,0.00261763175542407,0.00261763175542407,"Michoac<U+00E1>n",145.59
"577",17,2017,0.00633967300633967,1,10,8,0.516843971631206,4913.11473835814,0.497041420118343,0.0238095238095238,0.00133923770233096,0.00831250335638378,0.00831250335638378,NA,NA
"578",17,2018,0.00228161668839635,1,6,1,0.527435187515731,5001.41666666667,0.497041420118343,0.0238095238095238,-0.00271881861561236,0.0189037192409093,0.0189037192409093,NA,NA
"579",17,2019,0.00297914597815293,1,3,6,0.514072229140722,4899.24454148472,0.497041420118343,0.0238095238095238,-0.00202128932585578,0.00554076086590038,0.00554076086590038,NA,NA
"580",17,2020,0.00535117056856187,1,6,10,0.507719123505976,5370.48466257669,0.497041420118343,0.0238095238095238,0.000350735264553162,-0.00081234476884573,-0.00081234476884573,NA,NA
"581",17,2021,0.00817661488143908,1,14,6,0.487154288923207,6092.28111971412,0.497041420118343,0.0238095238095238,0.00317617957743037,-0.0213771793516154,-0.0213771793516154,NA,NA
"582",17,2022,0.00487439070116235,1,11,2,0.49796400893209,6205.12876550502,0.497041420118343,0.0238095238095238,-0.000126044602846356,-0.010567459342732,-0.010567459342732,NA,NA
"583",18,2017,0.0289647261256094,1,69,32,0.584514592019059,6136.88413852074,0.421052631578947,0,-0.00851208034117398,-0.00210039780577898,-0.00210039780577898,"Nayarit",97.11
"584",18,2017,0.0289647261256094,1,69,32,0.584514592019059,6136.88413852074,0.421052631578947,0,-0.00851208034117398,-0.00210039780577898,-0.00210039780577898,"Nayarit",105.3
"585",18,2017,0.0289647261256094,1,69,32,0.584514592019059,6136.88413852074,0.421052631578947,0,-0.00851208034117398,-0.00210039780577898,-0.00210039780577898,"Nayarit",115.79
"586",18,2017,0.0289647261256094,1,69,32,0.584514592019059,6136.88413852074,0.421052631578947,0,-0.00851208034117398,-0.00210039780577898,-0.00210039780577898,"Nayarit",124.78
"587",18,2017,0.0289647261256094,1,69,32,0.584514592019059,6136.88413852074,0.421052631578947,0,-0.00851208034117398,-0.00210039780577898,-0.00210039780577898,"Nayarit",136.53
"588",18,2017,0.0289647261256094,1,69,32,0.584514592019059,6136.88413852074,0.421052631578947,0,-0.00851208034117398,-0.00210039780577898,-0.00210039780577898,"Nayarit",153.13
"589",18,2018,0.0304422745548535,1,81,23,0.59794064203513,6527.04838709677,0.421052631578947,0,-0.00703453191192986,0.0113256522102922,0.0113256522102922,"Nayarit",97.11
"590",18,2018,0.0304422745548535,1,81,23,0.59794064203513,6527.04838709677,0.421052631578947,0,-0.00703453191192986,0.0113256522102922,0.0113256522102922,"Nayarit",105.3
"591",18,2018,0.0304422745548535,1,81,23,0.59794064203513,6527.04838709677,0.421052631578947,0,-0.00703453191192986,0.0113256522102922,0.0113256522102922,"Nayarit",115.79
"592",18,2018,0.0304422745548535,1,81,23,0.59794064203513,6527.04838709677,0.421052631578947,0,-0.00703453191192986,0.0113256522102922,0.0113256522102922,"Nayarit",124.78
"593",18,2018,0.0304422745548535,1,81,23,0.59794064203513,6527.04838709677,0.421052631578947,0,-0.00703453191192986,0.0113256522102922,0.0113256522102922,"Nayarit",136.53
"594",18,2018,0.0304422745548535,1,81,23,0.59794064203513,6527.04838709677,0.421052631578947,0,-0.00703453191192986,0.0113256522102922,0.0113256522102922,"Nayarit",153.13
"595",18,2019,0.0265228796269309,1,62,28,0.578014609028859,6729.37916757464,0.421052631578947,0,-0.0109539268398525,-0.00860038079597913,-0.00860038079597913,"Nayarit",97.11
"596",18,2019,0.0265228796269309,1,62,28,0.578014609028859,6729.37916757464,0.421052631578947,0,-0.0109539268398525,-0.00860038079597913,-0.00860038079597913,"Nayarit",105.3
"597",18,2019,0.0265228796269309,1,62,28,0.578014609028859,6729.37916757464,0.421052631578947,0,-0.0109539268398525,-0.00860038079597913,-0.00860038079597913,"Nayarit",115.79
"598",18,2019,0.0265228796269309,1,62,28,0.578014609028859,6729.37916757464,0.421052631578947,0,-0.0109539268398525,-0.00860038079597913,-0.00860038079597913,"Nayarit",124.78
"599",18,2019,0.0265228796269309,1,62,28,0.578014609028859,6729.37916757464,0.421052631578947,0,-0.0109539268398525,-0.00860038079597913,-0.00860038079597913,"Nayarit",136.53
"600",18,2019,0.0265228796269309,1,62,28,0.578014609028859,6729.37916757464,0.421052631578947,0,-0.0109539268398525,-0.00860038079597913,-0.00860038079597913,"Nayarit",153.13
"601",18,2020,0.0438646788990826,1,102,48,0.587795465508924,7093.80257698187,0.421052631578947,0,0.00638787243229918,0.0011804756840863,0.0011804756840863,"Nayarit",97.11
"602",18,2020,0.0438646788990826,1,102,48,0.587795465508924,7093.80257698187,0.421052631578947,0,0.00638787243229918,0.0011804756840863,0.0011804756840863,"Nayarit",105.3
"603",18,2020,0.0438646788990826,1,102,48,0.587795465508924,7093.80257698187,0.421052631578947,0,0.00638787243229918,0.0011804756840863,0.0011804756840863,"Nayarit",115.79
"604",18,2020,0.0438646788990826,1,102,48,0.587795465508924,7093.80257698187,0.421052631578947,0,0.00638787243229918,0.0011804756840863,0.0011804756840863,"Nayarit",124.78
"605",18,2020,0.0438646788990826,1,102,48,0.587795465508924,7093.80257698187,0.421052631578947,0,0.00638787243229918,0.0011804756840863,0.0011804756840863,"Nayarit",136.53
"606",18,2020,0.0438646788990826,1,102,48,0.587795465508924,7093.80257698187,0.421052631578947,0,0.00638787243229918,0.0011804756840863,0.0011804756840863,"Nayarit",153.13
"607",18,2021,0.0482661668228679,1,73,29,0.574781886165351,7856.95521821632,0.421052631578947,0,0.0107893603560845,-0.0118331036594869,-0.0118331036594869,"Nayarit",97.11
"608",18,2021,0.0482661668228679,1,73,29,0.574781886165351,7856.95521821632,0.421052631578947,0,0.0107893603560845,-0.0118331036594869,-0.0118331036594869,"Nayarit",105.3
"609",18,2021,0.0482661668228679,1,73,29,0.574781886165351,7856.95521821632,0.421052631578947,0,0.0107893603560845,-0.0118331036594869,-0.0118331036594869,"Nayarit",115.79
"610",18,2021,0.0482661668228679,1,73,29,0.574781886165351,7856.95521821632,0.421052631578947,0,0.0107893603560845,-0.0118331036594869,-0.0118331036594869,"Nayarit",124.78
"611",18,2021,0.0482661668228679,1,73,29,0.574781886165351,7856.95521821632,0.421052631578947,0,0.0107893603560845,-0.0118331036594869,-0.0118331036594869,"Nayarit",136.53
"612",18,2021,0.0482661668228679,1,73,29,0.574781886165351,7856.95521821632,0.421052631578947,0,0.0107893603560845,-0.0118331036594869,-0.0118331036594869,"Nayarit",153.13
"613",18,2022,0.0468001127713561,1,139,25,0.596642744191704,8293.09096916299,0.421052631578947,0,0.00932330630457268,0.0100277543668662,0.0100277543668662,"Nayarit",97.11
"614",18,2022,0.0468001127713561,1,139,25,0.596642744191704,8293.09096916299,0.421052631578947,0,0.00932330630457268,0.0100277543668662,0.0100277543668662,"Nayarit",105.3
"615",18,2022,0.0468001127713561,1,139,25,0.596642744191704,8293.09096916299,0.421052631578947,0,0.00932330630457268,0.0100277543668662,0.0100277543668662,"Nayarit",115.79
"616",18,2022,0.0468001127713561,1,139,25,0.596642744191704,8293.09096916299,0.421052631578947,0,0.00932330630457268,0.0100277543668662,0.0100277543668662,"Nayarit",124.78
"617",18,2022,0.0468001127713561,1,139,25,0.596642744191704,8293.09096916299,0.421052631578947,0,0.00932330630457268,0.0100277543668662,0.0100277543668662,"Nayarit",136.53
"618",18,2022,0.0468001127713561,1,139,25,0.596642744191704,8293.09096916299,0.421052631578947,0,0.00932330630457268,0.0100277543668662,0.0100277543668662,"Nayarit",153.13
"619",19,2017,0.0278563656147987,0,22,101,0.557887407996817,7460.12446921444,0.679715302491103,0.0445026178010471,0.00543561956165877,0.0104322959890261,0.0104322959890261,"Nuevo Le<U+00F3>n",96.75
"620",19,2017,0.0278563656147987,0,22,101,0.557887407996817,7460.12446921444,0.679715302491103,0.0445026178010471,0.00543561956165877,0.0104322959890261,0.0104322959890261,"Nuevo Le<U+00F3>n",106.01
"621",19,2017,0.0278563656147987,0,22,101,0.557887407996817,7460.12446921444,0.679715302491103,0.0445026178010471,0.00543561956165877,0.0104322959890261,0.0104322959890261,"Nuevo Le<U+00F3>n",115.97
"622",19,2017,0.0278563656147987,0,22,101,0.557887407996817,7460.12446921444,0.679715302491103,0.0445026178010471,0.00543561956165877,0.0104322959890261,0.0104322959890261,"Nuevo Le<U+00F3>n",124.79
"623",19,2017,0.0278563656147987,0,22,101,0.557887407996817,7460.12446921444,0.679715302491103,0.0445026178010471,0.00543561956165877,0.0104322959890261,0.0104322959890261,"Nuevo Le<U+00F3>n",134.98
"624",19,2017,0.0278563656147987,0,22,101,0.557887407996817,7460.12446921444,0.679715302491103,0.0445026178010471,0.00543561956165877,0.0104322959890261,0.0104322959890261,"Nuevo Le<U+00F3>n",145.65
"625",19,2018,0.0210549164315173,0,11,85,0.557342446477033,7585.65492570171,0.679715302491103,0.0445026178010471,-0.00136582962162267,0.00988733446924173,0.00988733446924173,"Nuevo Le<U+00F3>n",96.75
"626",19,2018,0.0210549164315173,0,11,85,0.557342446477033,7585.65492570171,0.679715302491103,0.0445026178010471,-0.00136582962162267,0.00988733446924173,0.00988733446924173,"Nuevo Le<U+00F3>n",106.01
"627",19,2018,0.0210549164315173,0,11,85,0.557342446477033,7585.65492570171,0.679715302491103,0.0445026178010471,-0.00136582962162267,0.00988733446924173,0.00988733446924173,"Nuevo Le<U+00F3>n",115.97
"628",19,2018,0.0210549164315173,0,11,85,0.557342446477033,7585.65492570171,0.679715302491103,0.0445026178010471,-0.00136582962162267,0.00988733446924173,0.00988733446924173,"Nuevo Le<U+00F3>n",124.79
"629",19,2018,0.0210549164315173,0,11,85,0.557342446477033,7585.65492570171,0.679715302491103,0.0445026178010471,-0.00136582962162267,0.00988733446924173,0.00988733446924173,"Nuevo Le<U+00F3>n",134.98
"630",19,2018,0.0210549164315173,0,11,85,0.557342446477033,7585.65492570171,0.679715302491103,0.0445026178010471,-0.00136582962162267,0.00988733446924173,0.00988733446924173,"Nuevo Le<U+00F3>n",145.65
"631",19,2019,0.0170958666955205,0,15,64,0.552978179673678,8110.12051077414,0.679715302491103,0.0445026178010471,-0.00532487935761947,0.00552306766588684,0.00552306766588684,"Nuevo Le<U+00F3>n",96.75
"632",19,2019,0.0170958666955205,0,15,64,0.552978179673678,8110.12051077414,0.679715302491103,0.0445026178010471,-0.00532487935761947,0.00552306766588684,0.00552306766588684,"Nuevo Le<U+00F3>n",106.01
"633",19,2019,0.0170958666955205,0,15,64,0.552978179673678,8110.12051077414,0.679715302491103,0.0445026178010471,-0.00532487935761947,0.00552306766588684,0.00552306766588684,"Nuevo Le<U+00F3>n",115.97
"634",19,2019,0.0170958666955205,0,15,64,0.552978179673678,8110.12051077414,0.679715302491103,0.0445026178010471,-0.00532487935761947,0.00552306766588684,0.00552306766588684,"Nuevo Le<U+00F3>n",124.79
"635",19,2019,0.0170958666955205,0,15,64,0.552978179673678,8110.12051077414,0.679715302491103,0.0445026178010471,-0.00532487935761947,0.00552306766588684,0.00552306766588684,"Nuevo Le<U+00F3>n",134.98
"636",19,2019,0.0170958666955205,0,15,64,0.552978179673678,8110.12051077414,0.679715302491103,0.0445026178010471,-0.00532487935761947,0.00552306766588684,0.00552306766588684,"Nuevo Le<U+00F3>n",145.65
"637",19,2020,0.022772060433545,1,67,35,0.553559019160131,9419.02565668907,0.679715302491103,0.0445026178010471,0.000351314380405074,0.00610390715233988,0.00610390715233988,"Nuevo Le<U+00F3>n",96.75
"638",19,2020,0.022772060433545,1,67,35,0.553559019160131,9419.02565668907,0.679715302491103,0.0445026178010471,0.000351314380405074,0.00610390715233988,0.00610390715233988,"Nuevo Le<U+00F3>n",106.01
"639",19,2020,0.022772060433545,1,67,35,0.553559019160131,9419.02565668907,0.679715302491103,0.0445026178010471,0.000351314380405074,0.00610390715233988,0.00610390715233988,"Nuevo Le<U+00F3>n",115.97
"640",19,2020,0.022772060433545,1,67,35,0.553559019160131,9419.02565668907,0.679715302491103,0.0445026178010471,0.000351314380405074,0.00610390715233988,0.00610390715233988,"Nuevo Le<U+00F3>n",124.79
"641",19,2020,0.022772060433545,1,67,35,0.553559019160131,9419.02565668907,0.679715302491103,0.0445026178010471,0.000351314380405074,0.00610390715233988,0.00610390715233988,"Nuevo Le<U+00F3>n",134.98
"642",19,2020,0.022772060433545,1,67,35,0.553559019160131,9419.02565668907,0.679715302491103,0.0445026178010471,0.000351314380405074,0.00610390715233988,0.00610390715233988,"Nuevo Le<U+00F3>n",145.65
"643",19,2021,0.0245,1,62,34,0.521883360085607,9762.85468095016,0.679715302491103,0.0445026178010471,0.00207925394686008,-0.0255717519221839,-0.0255717519221839,"Nuevo Le<U+00F3>n",96.75
"644",19,2021,0.0245,1,62,34,0.521883360085607,9762.85468095016,0.679715302491103,0.0445026178010471,0.00207925394686008,-0.0255717519221839,-0.0255717519221839,"Nuevo Le<U+00F3>n",106.01
"645",19,2021,0.0245,1,62,34,0.521883360085607,9762.85468095016,0.679715302491103,0.0445026178010471,0.00207925394686008,-0.0255717519221839,-0.0255717519221839,"Nuevo Le<U+00F3>n",115.97
"646",19,2021,0.0245,1,62,34,0.521883360085607,9762.85468095016,0.679715302491103,0.0445026178010471,0.00207925394686008,-0.0255717519221839,-0.0255717519221839,"Nuevo Le<U+00F3>n",124.79
"647",19,2021,0.0245,1,62,34,0.521883360085607,9762.85468095016,0.679715302491103,0.0445026178010471,0.00207925394686008,-0.0255717519221839,-0.0255717519221839,"Nuevo Le<U+00F3>n",134.98
"648",19,2021,0.0245,1,62,34,0.521883360085607,9762.85468095016,0.679715302491103,0.0445026178010471,0.00207925394686008,-0.0255717519221839,-0.0255717519221839,"Nuevo Le<U+00F3>n",145.65
"649",19,2022,0.0212452671434581,1,69,31,0.54108025865348,10336.7281654827,0.679715302491103,0.0445026178010471,-0.00117547890968178,-0.00637485335431076,-0.00637485335431076,"Nuevo Le<U+00F3>n",96.75
"650",19,2022,0.0212452671434581,1,69,31,0.54108025865348,10336.7281654827,0.679715302491103,0.0445026178010471,-0.00117547890968178,-0.00637485335431076,-0.00637485335431076,"Nuevo Le<U+00F3>n",106.01
"651",19,2022,0.0212452671434581,1,69,31,0.54108025865348,10336.7281654827,0.679715302491103,0.0445026178010471,-0.00117547890968178,-0.00637485335431076,-0.00637485335431076,"Nuevo Le<U+00F3>n",115.97
"652",19,2022,0.0212452671434581,1,69,31,0.54108025865348,10336.7281654827,0.679715302491103,0.0445026178010471,-0.00117547890968178,-0.00637485335431076,-0.00637485335431076,"Nuevo Le<U+00F3>n",124.79
"653",19,2022,0.0212452671434581,1,69,31,0.54108025865348,10336.7281654827,0.679715302491103,0.0445026178010471,-0.00117547890968178,-0.00637485335431076,-0.00637485335431076,"Nuevo Le<U+00F3>n",134.98
"654",19,2022,0.0212452671434581,1,69,31,0.54108025865348,10336.7281654827,0.679715302491103,0.0445026178010471,-0.00117547890968178,-0.00637485335431076,-0.00637485335431076,"Nuevo Le<U+00F3>n",145.65
"655",20,2017,0.0385121790651745,0,9,108,0.541548151158066,5148.34121621622,0.254862508383635,0.0131578947368421,-0.00624801231196669,-0.00840217791047881,-0.00840217791047881,"Oaxaca",97.25
"656",20,2017,0.0385121790651745,0,9,108,0.541548151158066,5148.34121621622,0.254862508383635,0.0131578947368421,-0.00624801231196669,-0.00840217791047881,-0.00840217791047881,"Oaxaca",105.35
"657",20,2017,0.0385121790651745,0,9,108,0.541548151158066,5148.34121621622,0.254862508383635,0.0131578947368421,-0.00624801231196669,-0.00840217791047881,-0.00840217791047881,"Oaxaca",112.8
"658",20,2017,0.0385121790651745,0,9,108,0.541548151158066,5148.34121621622,0.254862508383635,0.0131578947368421,-0.00624801231196669,-0.00840217791047881,-0.00840217791047881,"Oaxaca",120.16
"659",20,2017,0.0385121790651745,0,9,108,0.541548151158066,5148.34121621622,0.254862508383635,0.0131578947368421,-0.00624801231196669,-0.00840217791047881,-0.00840217791047881,"Oaxaca",128.93
"660",20,2017,0.0385121790651745,0,9,108,0.541548151158066,5148.34121621622,0.254862508383635,0.0131578947368421,-0.00624801231196669,-0.00840217791047881,-0.00840217791047881,"Oaxaca",136.64
"661",20,2018,0.0350704686987873,0,7,99,0.544692166087134,5389.44300441826,0.254862508383635,0.0131578947368421,-0.00968972267835386,-0.00525816298141035,-0.00525816298141035,"Oaxaca",97.25
"662",20,2018,0.0350704686987873,0,7,99,0.544692166087134,5389.44300441826,0.254862508383635,0.0131578947368421,-0.00968972267835386,-0.00525816298141035,-0.00525816298141035,"Oaxaca",105.35
"663",20,2018,0.0350704686987873,0,7,99,0.544692166087134,5389.44300441826,0.254862508383635,0.0131578947368421,-0.00968972267835386,-0.00525816298141035,-0.00525816298141035,"Oaxaca",112.8
"664",20,2018,0.0350704686987873,0,7,99,0.544692166087134,5389.44300441826,0.254862508383635,0.0131578947368421,-0.00968972267835386,-0.00525816298141035,-0.00525816298141035,"Oaxaca",120.16
"665",20,2018,0.0350704686987873,0,7,99,0.544692166087134,5389.44300441826,0.254862508383635,0.0131578947368421,-0.00968972267835386,-0.00525816298141035,-0.00525816298141035,"Oaxaca",128.93
"666",20,2018,0.0350704686987873,0,7,99,0.544692166087134,5389.44300441826,0.254862508383635,0.0131578947368421,-0.00968972267835386,-0.00525816298141035,-0.00525816298141035,"Oaxaca",136.64
"667",20,2019,0.0403530895334174,0,15,113,0.554491380179454,5409.8669749728,0.254862508383635,0.0131578947368421,-0.00440710184372375,0.00454105111090886,0.00454105111090886,"Oaxaca",97.25
"668",20,2019,0.0403530895334174,0,15,113,0.554491380179454,5409.8669749728,0.254862508383635,0.0131578947368421,-0.00440710184372375,0.00454105111090886,0.00454105111090886,"Oaxaca",105.35
"669",20,2019,0.0403530895334174,0,15,113,0.554491380179454,5409.8669749728,0.254862508383635,0.0131578947368421,-0.00440710184372375,0.00454105111090886,0.00454105111090886,"Oaxaca",112.8
"670",20,2019,0.0403530895334174,0,15,113,0.554491380179454,5409.8669749728,0.254862508383635,0.0131578947368421,-0.00440710184372375,0.00454105111090886,0.00454105111090886,"Oaxaca",120.16
"671",20,2019,0.0403530895334174,0,15,113,0.554491380179454,5409.8669749728,0.254862508383635,0.0131578947368421,-0.00440710184372375,0.00454105111090886,0.00454105111090886,"Oaxaca",128.93
"672",20,2019,0.0403530895334174,0,15,113,0.554491380179454,5409.8669749728,0.254862508383635,0.0131578947368421,-0.00440710184372375,0.00454105111090886,0.00454105111090886,"Oaxaca",136.64
"673",20,2020,0.0510663863021929,1,148,21,0.559092278341199,5907.79646464646,0.254862508383635,0.0131578947368421,0.0063061949250517,0.00914194927265422,0.00914194927265422,"Oaxaca",97.25
"674",20,2020,0.0510663863021929,1,148,21,0.559092278341199,5907.79646464646,0.254862508383635,0.0131578947368421,0.0063061949250517,0.00914194927265422,0.00914194927265422,"Oaxaca",105.35
"675",20,2020,0.0510663863021929,1,148,21,0.559092278341199,5907.79646464646,0.254862508383635,0.0131578947368421,0.0063061949250517,0.00914194927265422,0.00914194927265422,"Oaxaca",112.8
"676",20,2020,0.0510663863021929,1,148,21,0.559092278341199,5907.79646464646,0.254862508383635,0.0131578947368421,0.0063061949250517,0.00914194927265422,0.00914194927265422,"Oaxaca",120.16
"677",20,2020,0.0510663863021929,1,148,21,0.559092278341199,5907.79646464646,0.254862508383635,0.0131578947368421,0.0063061949250517,0.00914194927265422,0.00914194927265422,"Oaxaca",128.93
"678",20,2020,0.0510663863021929,1,148,21,0.559092278341199,5907.79646464646,0.254862508383635,0.0131578947368421,0.0063061949250517,0.00914194927265422,0.00914194927265422,"Oaxaca",136.64
"679",20,2021,0.0574746873138773,1,178,15,0.549496319256102,5946.69262613195,0.254862508383635,0.0131578947368421,0.0127144959367362,-0.000454009812442369,-0.000454009812442369,"Oaxaca",97.25
"680",20,2021,0.0574746873138773,1,178,15,0.549496319256102,5946.69262613195,0.254862508383635,0.0131578947368421,0.0127144959367362,-0.000454009812442369,-0.000454009812442369,"Oaxaca",105.35
"681",20,2021,0.0574746873138773,1,178,15,0.549496319256102,5946.69262613195,0.254862508383635,0.0131578947368421,0.0127144959367362,-0.000454009812442369,-0.000454009812442369,"Oaxaca",112.8
"682",20,2021,0.0574746873138773,1,178,15,0.549496319256102,5946.69262613195,0.254862508383635,0.0131578947368421,0.0127144959367362,-0.000454009812442369,-0.000454009812442369,"Oaxaca",120.16
"683",20,2021,0.0574746873138773,1,178,15,0.549496319256102,5946.69262613195,0.254862508383635,0.0131578947368421,0.0127144959367362,-0.000454009812442369,-0.000454009812442369,"Oaxaca",128.93
"684",20,2021,0.0574746873138773,1,178,15,0.549496319256102,5946.69262613195,0.254862508383635,0.0131578947368421,0.0127144959367362,-0.000454009812442369,-0.000454009812442369,"Oaxaca",136.64
"685",20,2022,0.0460843373493976,1,139,11,0.550381679389313,6353.56604278075,0.254862508383635,0.0131578947368421,0.00132414597225644,0.000431350320768242,0.000431350320768242,"Oaxaca",97.25
"686",20,2022,0.0460843373493976,1,139,11,0.550381679389313,6353.56604278075,0.254862508383635,0.0131578947368421,0.00132414597225644,0.000431350320768242,0.000431350320768242,"Oaxaca",105.35
"687",20,2022,0.0460843373493976,1,139,11,0.550381679389313,6353.56604278075,0.254862508383635,0.0131578947368421,0.00132414597225644,0.000431350320768242,0.000431350320768242,"Oaxaca",112.8
"688",20,2022,0.0460843373493976,1,139,11,0.550381679389313,6353.56604278075,0.254862508383635,0.0131578947368421,0.00132414597225644,0.000431350320768242,0.000431350320768242,"Oaxaca",120.16
"689",20,2022,0.0460843373493976,1,139,11,0.550381679389313,6353.56604278075,0.254862508383635,0.0131578947368421,0.00132414597225644,0.000431350320768242,0.000431350320768242,"Oaxaca",128.93
"690",20,2022,0.0460843373493976,1,139,11,0.550381679389313,6353.56604278075,0.254862508383635,0.0131578947368421,0.00132414597225644,0.000431350320768242,0.000431350320768242,"Oaxaca",136.64
"691",21,2017,0.0107369448511469,0,7,37,0.558201544685546,5214.42471235618,0.497716894977169,0.036697247706422,0.000352009169132495,0.0143402016621363,0.0143402016621363,"Puebla",97
"692",21,2017,0.0107369448511469,0,7,37,0.558201544685546,5214.42471235618,0.497716894977169,0.036697247706422,0.000352009169132495,0.0143402016621363,0.0143402016621363,"Puebla",105.77
"693",21,2017,0.0107369448511469,0,7,37,0.558201544685546,5214.42471235618,0.497716894977169,0.036697247706422,0.000352009169132495,0.0143402016621363,0.0143402016621363,"Puebla",114.95
"694",21,2017,0.0107369448511469,0,7,37,0.558201544685546,5214.42471235618,0.497716894977169,0.036697247706422,0.000352009169132495,0.0143402016621363,0.0143402016621363,"Puebla",123.7
"695",21,2017,0.0107369448511469,0,7,37,0.558201544685546,5214.42471235618,0.497716894977169,0.036697247706422,0.000352009169132495,0.0143402016621363,0.0143402016621363,"Puebla",133.73
"696",21,2017,0.0107369448511469,0,7,37,0.558201544685546,5214.42471235618,0.497716894977169,0.036697247706422,0.000352009169132495,0.0143402016621363,0.0143402016621363,"Puebla",144.75
"697",21,2018,0.00906801007556675,0,2,33,0.548456703255465,5663.19210155148,0.497716894977169,0.036697247706422,-0.00131692560644766,0.00459536023205509,0.00459536023205509,"Puebla",97
"698",21,2018,0.00906801007556675,0,2,33,0.548456703255465,5663.19210155148,0.497716894977169,0.036697247706422,-0.00131692560644766,0.00459536023205509,0.00459536023205509,"Puebla",105.77
"699",21,2018,0.00906801007556675,0,2,33,0.548456703255465,5663.19210155148,0.497716894977169,0.036697247706422,-0.00131692560644766,0.00459536023205509,0.00459536023205509,"Puebla",114.95
"700",21,2018,0.00906801007556675,0,2,33,0.548456703255465,5663.19210155148,0.497716894977169,0.036697247706422,-0.00131692560644766,0.00459536023205509,0.00459536023205509,"Puebla",123.7
"701",21,2018,0.00906801007556675,0,2,33,0.548456703255465,5663.19210155148,0.497716894977169,0.036697247706422,-0.00131692560644766,0.00459536023205509,0.00459536023205509,"Puebla",133.73
"702",21,2018,0.00906801007556675,0,2,33,0.548456703255465,5663.19210155148,0.497716894977169,0.036697247706422,-0.00131692560644766,0.00459536023205509,0.00459536023205509,"Puebla",144.75
"703",21,2019,0.00658215504631887,0,2,25,0.555717142337757,5636.09494680851,0.497716894977169,0.036697247706422,-0.00380278063569554,0.011855799314347,0.011855799314347,"Puebla",97
"704",21,2019,0.00658215504631887,0,2,25,0.555717142337757,5636.09494680851,0.497716894977169,0.036697247706422,-0.00380278063569554,0.011855799314347,0.011855799314347,"Puebla",105.77
"705",21,2019,0.00658215504631887,0,2,25,0.555717142337757,5636.09494680851,0.497716894977169,0.036697247706422,-0.00380278063569554,0.011855799314347,0.011855799314347,"Puebla",114.95
"706",21,2019,0.00658215504631887,0,2,25,0.555717142337757,5636.09494680851,0.497716894977169,0.036697247706422,-0.00380278063569554,0.011855799314347,0.011855799314347,"Puebla",123.7
"707",21,2019,0.00658215504631887,0,2,25,0.555717142337757,5636.09494680851,0.497716894977169,0.036697247706422,-0.00380278063569554,0.011855799314347,0.011855799314347,"Puebla",133.73
"708",21,2019,0.00658215504631887,0,2,25,0.555717142337757,5636.09494680851,0.497716894977169,0.036697247706422,-0.00380278063569554,0.011855799314347,0.011855799314347,"Puebla",144.75
"709",21,2020,0.00957178841309824,0,7,29,0.548859476203886,6078.27391910739,0.497716894977169,0.036697247706422,-0.000813147268916169,0.00499813318047637,0.00499813318047637,"Puebla",97
"710",21,2020,0.00957178841309824,0,7,29,0.548859476203886,6078.27391910739,0.497716894977169,0.036697247706422,-0.000813147268916169,0.00499813318047637,0.00499813318047637,"Puebla",105.77
"711",21,2020,0.00957178841309824,0,7,29,0.548859476203886,6078.27391910739,0.497716894977169,0.036697247706422,-0.000813147268916169,0.00499813318047637,0.00499813318047637,"Puebla",114.95
"712",21,2020,0.00957178841309824,0,7,29,0.548859476203886,6078.27391910739,0.497716894977169,0.036697247706422,-0.000813147268916169,0.00499813318047637,0.00499813318047637,"Puebla",123.7
"713",21,2020,0.00957178841309824,0,7,29,0.548859476203886,6078.27391910739,0.497716894977169,0.036697247706422,-0.000813147268916169,0.00499813318047637,0.00499813318047637,"Puebla",133.73
"714",21,2020,0.00957178841309824,0,7,29,0.548859476203886,6078.27391910739,0.497716894977169,0.036697247706422,-0.000813147268916169,0.00499813318047637,0.00499813318047637,"Puebla",144.75
"715",21,2021,0.017641293694871,1,41,12,0.512653244854347,5996.20632279534,0.497716894977169,0.036697247706422,0.00725635801285655,-0.0312080981690628,-0.0312080981690628,"Puebla",97
"716",21,2021,0.017641293694871,1,41,12,0.512653244854347,5996.20632279534,0.497716894977169,0.036697247706422,0.00725635801285655,-0.0312080981690628,-0.0312080981690628,"Puebla",105.77
"717",21,2021,0.017641293694871,1,41,12,0.512653244854347,5996.20632279534,0.497716894977169,0.036697247706422,0.00725635801285655,-0.0312080981690628,-0.0312080981690628,"Puebla",114.95
"718",21,2021,0.017641293694871,1,41,12,0.512653244854347,5996.20632279534,0.497716894977169,0.036697247706422,0.00725635801285655,-0.0312080981690628,-0.0312080981690628,"Puebla",123.7
"719",21,2021,0.017641293694871,1,41,12,0.512653244854347,5996.20632279534,0.497716894977169,0.036697247706422,0.00725635801285655,-0.0312080981690628,-0.0312080981690628,"Puebla",133.73
"720",21,2021,0.017641293694871,1,41,12,0.512653244854347,5996.20632279534,0.497716894977169,0.036697247706422,0.00725635801285655,-0.0312080981690628,-0.0312080981690628,"Puebla",144.75
"721",21,2022,0.00870942201108472,1,27,4,0.539279946803458,6566.23532796318,0.497716894977169,0.036697247706422,-0.00167551367092969,-0.00458139621995202,-0.00458139621995202,"Puebla",97
"722",21,2022,0.00870942201108472,1,27,4,0.539279946803458,6566.23532796318,0.497716894977169,0.036697247706422,-0.00167551367092969,-0.00458139621995202,-0.00458139621995202,"Puebla",105.77
"723",21,2022,0.00870942201108472,1,27,4,0.539279946803458,6566.23532796318,0.497716894977169,0.036697247706422,-0.00167551367092969,-0.00458139621995202,-0.00458139621995202,"Puebla",114.95
"724",21,2022,0.00870942201108472,1,27,4,0.539279946803458,6566.23532796318,0.497716894977169,0.036697247706422,-0.00167551367092969,-0.00458139621995202,-0.00458139621995202,"Puebla",123.7
"725",21,2022,0.00870942201108472,1,27,4,0.539279946803458,6566.23532796318,0.497716894977169,0.036697247706422,-0.00167551367092969,-0.00458139621995202,-0.00458139621995202,"Puebla",133.73
"726",21,2022,0.00870942201108472,1,27,4,0.539279946803458,6566.23532796318,0.497716894977169,0.036697247706422,-0.00167551367092969,-0.00458139621995202,-0.00458139621995202,"Puebla",144.75
"727",22,2017,0.0143423863289594,0,22,24,0.512543934068598,6633.74793208533,0.719148936170213,0.0473372781065089,1.77870185430716e-05,-0.00681666905768852,-0.00681666905768852,NA,NA
"728",22,2018,0.0125841381328651,0,9,33,0.533405172413793,7201.21844453889,0.719148936170213,0.0473372781065089,-0.00174046117755126,0.0140445692875069,0.0140445692875069,NA,NA
"729",22,2019,0.00827912477823773,0,8,17,0.525429715093007,7649.86602451839,0.719148936170213,0.0473372781065089,-0.00604547453217861,0.00606911196672055,0.00606911196672055,NA,NA
"730",22,2020,0.0189228529839884,0,24,39,0.524316813339509,7935.79086043639,0.719148936170213,0.0473372781065089,0.00459825367357201,0.00495621021322279,0.00495621021322279,NA,NA
"731",22,2021,0.0231416549789621,0,32,31,0.500339351160581,8071.81291306558,0.719148936170213,0.0473372781065089,0.00881705566854579,-0.0190212519657054,-0.0190212519657054,NA,NA
"732",22,2022,0.00867743865948534,1,20,8,0.52012863268223,8571.2974284328,0.719148936170213,0.0473372781065089,-0.005647160650931,0.00076802955594335,0.00076802955594335,NA,NA
"733",23,2017,0.0527825588066552,1,98,85,0.606447091800981,6757.64001114517,0.510752688172043,0.0631578947368421,0.00659628884895928,0.0112170157569127,0.0112170157569127,"Quintana Roo",97.88
"734",23,2017,0.0527825588066552,1,98,85,0.606447091800981,6757.64001114517,0.510752688172043,0.0631578947368421,0.00659628884895928,0.0112170157569127,0.0112170157569127,"Quintana Roo",104.18
"735",23,2017,0.0527825588066552,1,98,85,0.606447091800981,6757.64001114517,0.510752688172043,0.0631578947368421,0.00659628884895928,0.0112170157569127,0.0112170157569127,"Quintana Roo",115.6
"736",23,2017,0.0527825588066552,1,98,85,0.606447091800981,6757.64001114517,0.510752688172043,0.0631578947368421,0.00659628884895928,0.0112170157569127,0.0112170157569127,"Quintana Roo",125.23
"737",23,2017,0.0527825588066552,1,98,85,0.606447091800981,6757.64001114517,0.510752688172043,0.0631578947368421,0.00659628884895928,0.0112170157569127,0.0112170157569127,"Quintana Roo",138.08
"738",23,2017,0.0527825588066552,1,98,85,0.606447091800981,6757.64001114517,0.510752688172043,0.0631578947368421,0.00659628884895928,0.0112170157569127,0.0112170157569127,"Quintana Roo",155.19
"739",23,2018,0.0479715724015398,1,71,85,0.615295312726745,7011.40272727273,0.510752688172043,0.0631578947368421,0.00178530244384391,0.0200652366826766,0.0200652366826766,"Quintana Roo",97.88
"740",23,2018,0.0479715724015398,1,71,85,0.615295312726745,7011.40272727273,0.510752688172043,0.0631578947368421,0.00178530244384391,0.0200652366826766,0.0200652366826766,"Quintana Roo",104.18
"741",23,2018,0.0479715724015398,1,71,85,0.615295312726745,7011.40272727273,0.510752688172043,0.0631578947368421,0.00178530244384391,0.0200652366826766,0.0200652366826766,"Quintana Roo",115.6
"742",23,2018,0.0479715724015398,1,71,85,0.615295312726745,7011.40272727273,0.510752688172043,0.0631578947368421,0.00178530244384391,0.0200652366826766,0.0200652366826766,"Quintana Roo",125.23
"743",23,2018,0.0479715724015398,1,71,85,0.615295312726745,7011.40272727273,0.510752688172043,0.0631578947368421,0.00178530244384391,0.0200652366826766,0.0200652366826766,"Quintana Roo",138.08
"744",23,2018,0.0479715724015398,1,71,85,0.615295312726745,7011.40272727273,0.510752688172043,0.0631578947368421,0.00178530244384391,0.0200652366826766,0.0200652366826766,"Quintana Roo",155.19
"745",23,2019,0.0399100618324902,1,77,61,0.628058954393771,7394.47422680412,0.510752688172043,0.0631578947368421,-0.00627620812520575,0.0328288783497025,0.0328288783497025,"Quintana Roo",97.88
"746",23,2019,0.0399100618324902,1,77,61,0.628058954393771,7394.47422680412,0.510752688172043,0.0631578947368421,-0.00627620812520575,0.0328288783497025,0.0328288783497025,"Quintana Roo",104.18
"747",23,2019,0.0399100618324902,1,77,61,0.628058954393771,7394.47422680412,0.510752688172043,0.0631578947368421,-0.00627620812520575,0.0328288783497025,0.0328288783497025,"Quintana Roo",115.6
"748",23,2019,0.0399100618324902,1,77,61,0.628058954393771,7394.47422680412,0.510752688172043,0.0631578947368421,-0.00627620812520575,0.0328288783497025,0.0328288783497025,"Quintana Roo",125.23
"749",23,2019,0.0399100618324902,1,77,61,0.628058954393771,7394.47422680412,0.510752688172043,0.0631578947368421,-0.00627620812520575,0.0328288783497025,0.0328288783497025,"Quintana Roo",138.08
"750",23,2019,0.0399100618324902,1,77,61,0.628058954393771,7394.47422680412,0.510752688172043,0.0631578947368421,-0.00627620812520575,0.0328288783497025,0.0328288783497025,"Quintana Roo",155.19
"751",23,2020,0.0526472337894111,1,107,67,0.598721689592886,7674.49594438007,0.510752688172043,0.0631578947368421,0.00646096383171515,0.00349161354881755,0.00349161354881755,"Quintana Roo",97.88
"752",23,2020,0.0526472337894111,1,107,67,0.598721689592886,7674.49594438007,0.510752688172043,0.0631578947368421,0.00646096383171515,0.00349161354881755,0.00349161354881755,"Quintana Roo",104.18
"753",23,2020,0.0526472337894111,1,107,67,0.598721689592886,7674.49594438007,0.510752688172043,0.0631578947368421,0.00646096383171515,0.00349161354881755,0.00349161354881755,"Quintana Roo",115.6
"754",23,2020,0.0526472337894111,1,107,67,0.598721689592886,7674.49594438007,0.510752688172043,0.0631578947368421,0.00646096383171515,0.00349161354881755,0.00349161354881755,"Quintana Roo",125.23
"755",23,2020,0.0526472337894111,1,107,67,0.598721689592886,7674.49594438007,0.510752688172043,0.0631578947368421,0.00646096383171515,0.00349161354881755,0.00349161354881755,"Quintana Roo",138.08
"756",23,2020,0.0526472337894111,1,107,67,0.598721689592886,7674.49594438007,0.510752688172043,0.0631578947368421,0.00646096383171515,0.00349161354881755,0.00349161354881755,"Quintana Roo",155.19
"757",23,2021,0.0442720219078047,1,50,45,0.540400296515938,7253.0356366797,0.510752688172043,0.0631578947368421,-0.00191424804989127,-0.0548297795281307,-0.0548297795281307,"Quintana Roo",97.88
"758",23,2021,0.0442720219078047,1,50,45,0.540400296515938,7253.0356366797,0.510752688172043,0.0631578947368421,-0.00191424804989127,-0.0548297795281307,-0.0548297795281307,"Quintana Roo",104.18
"759",23,2021,0.0442720219078047,1,50,45,0.540400296515938,7253.0356366797,0.510752688172043,0.0631578947368421,-0.00191424804989127,-0.0548297795281307,-0.0548297795281307,"Quintana Roo",115.6
"760",23,2021,0.0442720219078047,1,50,45,0.540400296515938,7253.0356366797,0.510752688172043,0.0631578947368421,-0.00191424804989127,-0.0548297795281307,-0.0548297795281307,"Quintana Roo",125.23
"761",23,2021,0.0442720219078047,1,50,45,0.540400296515938,7253.0356366797,0.510752688172043,0.0631578947368421,-0.00191424804989127,-0.0548297795281307,-0.0548297795281307,"Quintana Roo",138.08
"762",23,2021,0.0442720219078047,1,50,45,0.540400296515938,7253.0356366797,0.510752688172043,0.0631578947368421,-0.00191424804989127,-0.0548297795281307,-0.0548297795281307,"Quintana Roo",155.19
"763",23,2022,0.0395341710082746,1,103,22,0.58245711123409,8542.41438979964,0.510752688172043,0.0631578947368421,-0.00665209894942132,-0.0127729648099788,-0.0127729648099788,"Quintana Roo",97.88
"764",23,2022,0.0395341710082746,1,103,22,0.58245711123409,8542.41438979964,0.510752688172043,0.0631578947368421,-0.00665209894942132,-0.0127729648099788,-0.0127729648099788,"Quintana Roo",104.18
"765",23,2022,0.0395341710082746,1,103,22,0.58245711123409,8542.41438979964,0.510752688172043,0.0631578947368421,-0.00665209894942132,-0.0127729648099788,-0.0127729648099788,"Quintana Roo",115.6
"766",23,2022,0.0395341710082746,1,103,22,0.58245711123409,8542.41438979964,0.510752688172043,0.0631578947368421,-0.00665209894942132,-0.0127729648099788,-0.0127729648099788,"Quintana Roo",125.23
"767",23,2022,0.0395341710082746,1,103,22,0.58245711123409,8542.41438979964,0.510752688172043,0.0631578947368421,-0.00665209894942132,-0.0127729648099788,-0.0127729648099788,"Quintana Roo",138.08
"768",23,2022,0.0395341710082746,1,103,22,0.58245711123409,8542.41438979964,0.510752688172043,0.0631578947368421,-0.00665209894942132,-0.0127729648099788,-0.0127729648099788,"Quintana Roo",155.19
"769",24,2017,0.0203380120309367,0,9,60,0.547398513436249,5950.80081300813,0.6,0.04,-0.00179030562408808,0.00986855587345892,0.00986855587345892,"San Luis Potos<U+00ED>",97.18
"770",24,2017,0.0203380120309367,0,9,60,0.547398513436249,5950.80081300813,0.6,0.04,-0.00179030562408808,0.00986855587345892,0.00986855587345892,"San Luis Potos<U+00ED>",105.43
"771",24,2017,0.0203380120309367,0,9,60,0.547398513436249,5950.80081300813,0.6,0.04,-0.00179030562408808,0.00986855587345892,0.00986855587345892,"San Luis Potos<U+00ED>",115.31
"772",24,2017,0.0203380120309367,0,9,60,0.547398513436249,5950.80081300813,0.6,0.04,-0.00179030562408808,0.00986855587345892,0.00986855587345892,"San Luis Potos<U+00ED>",123.44
"773",24,2017,0.0203380120309367,0,9,60,0.547398513436249,5950.80081300813,0.6,0.04,-0.00179030562408808,0.00986855587345892,0.00986855587345892,"San Luis Potos<U+00ED>",134.56
"774",24,2017,0.0203380120309367,0,9,60,0.547398513436249,5950.80081300813,0.6,0.04,-0.00179030562408808,0.00986855587345892,0.00986855587345892,"San Luis Potos<U+00ED>",145.02
"775",24,2018,0.0205042948185093,0,10,62,0.539524599226092,6484.02193509615,0.6,0.04,-0.00162402283651549,0.00199464166330143,0.00199464166330143,"San Luis Potos<U+00ED>",97.18
"776",24,2018,0.0205042948185093,0,10,62,0.539524599226092,6484.02193509615,0.6,0.04,-0.00162402283651549,0.00199464166330143,0.00199464166330143,"San Luis Potos<U+00ED>",105.43
"777",24,2018,0.0205042948185093,0,10,62,0.539524599226092,6484.02193509615,0.6,0.04,-0.00162402283651549,0.00199464166330143,0.00199464166330143,"San Luis Potos<U+00ED>",115.31
"778",24,2018,0.0205042948185093,0,10,62,0.539524599226092,6484.02193509615,0.6,0.04,-0.00162402283651549,0.00199464166330143,0.00199464166330143,"San Luis Potos<U+00ED>",123.44
"779",24,2018,0.0205042948185093,0,10,62,0.539524599226092,6484.02193509615,0.6,0.04,-0.00162402283651549,0.00199464166330143,0.00199464166330143,"San Luis Potos<U+00ED>",134.56
"780",24,2018,0.0205042948185093,0,10,62,0.539524599226092,6484.02193509615,0.6,0.04,-0.00162402283651549,0.00199464166330143,0.00199464166330143,"San Luis Potos<U+00ED>",145.02
"781",24,2019,0.0176357123174428,0,7,56,0.546041643469547,6885.41757575758,0.6,0.04,-0.00449260533758195,0.00851168590675655,0.00851168590675655,"San Luis Potos<U+00ED>",97.18
"782",24,2019,0.0176357123174428,0,7,56,0.546041643469547,6885.41757575758,0.6,0.04,-0.00449260533758195,0.00851168590675655,0.00851168590675655,"San Luis Potos<U+00ED>",105.43
"783",24,2019,0.0176357123174428,0,7,56,0.546041643469547,6885.41757575758,0.6,0.04,-0.00449260533758195,0.00851168590675655,0.00851168590675655,"San Luis Potos<U+00ED>",115.31
"784",24,2019,0.0176357123174428,0,7,56,0.546041643469547,6885.41757575758,0.6,0.04,-0.00449260533758195,0.00851168590675655,0.00851168590675655,"San Luis Potos<U+00ED>",123.44
"785",24,2019,0.0176357123174428,0,7,56,0.546041643469547,6885.41757575758,0.6,0.04,-0.00449260533758195,0.00851168590675655,0.00851168590675655,"San Luis Potos<U+00ED>",134.56
"786",24,2019,0.0176357123174428,0,7,56,0.546041643469547,6885.41757575758,0.6,0.04,-0.00449260533758195,0.00851168590675655,0.00851168590675655,"San Luis Potos<U+00ED>",145.02
"787",24,2020,0.0222043873729267,1,53,28,0.540350485545262,7253.12474964235,0.6,0.04,7.60697179019269e-05,0.00282052798247145,0.00282052798247145,"San Luis Potos<U+00ED>",97.18
"788",24,2020,0.0222043873729267,1,53,28,0.540350485545262,7253.12474964235,0.6,0.04,7.60697179019269e-05,0.00282052798247145,0.00282052798247145,"San Luis Potos<U+00ED>",105.43
"789",24,2020,0.0222043873729267,1,53,28,0.540350485545262,7253.12474964235,0.6,0.04,7.60697179019269e-05,0.00282052798247145,0.00282052798247145,"San Luis Potos<U+00ED>",115.31
"790",24,2020,0.0222043873729267,1,53,28,0.540350485545262,7253.12474964235,0.6,0.04,7.60697179019269e-05,0.00282052798247145,0.00282052798247145,"San Luis Potos<U+00ED>",123.44
"791",24,2020,0.0222043873729267,1,53,28,0.540350485545262,7253.12474964235,0.6,0.04,7.60697179019269e-05,0.00282052798247145,0.00282052798247145,"San Luis Potos<U+00ED>",134.56
"792",24,2020,0.0222043873729267,1,53,28,0.540350485545262,7253.12474964235,0.6,0.04,7.60697179019269e-05,0.00282052798247145,0.00282052798247145,"San Luis Potos<U+00ED>",145.02
"793",24,2021,0.0283251231527094,1,49,14,0.518613827414651,8660.20072992701,0.6,0.04,0.00619680549768459,-0.0189161301481394,-0.0189161301481394,"San Luis Potos<U+00ED>",97.18
"794",24,2021,0.0283251231527094,1,49,14,0.518613827414651,8660.20072992701,0.6,0.04,0.00619680549768459,-0.0189161301481394,-0.0189161301481394,"San Luis Potos<U+00ED>",105.43
"795",24,2021,0.0283251231527094,1,49,14,0.518613827414651,8660.20072992701,0.6,0.04,0.00619680549768459,-0.0189161301481394,-0.0189161301481394,"San Luis Potos<U+00ED>",115.31
"796",24,2021,0.0283251231527094,1,49,14,0.518613827414651,8660.20072992701,0.6,0.04,0.00619680549768459,-0.0189161301481394,-0.0189161301481394,"San Luis Potos<U+00ED>",123.44
"797",24,2021,0.0283251231527094,1,49,14,0.518613827414651,8660.20072992701,0.6,0.04,0.00619680549768459,-0.0189161301481394,-0.0189161301481394,"San Luis Potos<U+00ED>",134.56
"798",24,2021,0.0283251231527094,1,49,14,0.518613827414651,8660.20072992701,0.6,0.04,0.00619680549768459,-0.0189161301481394,-0.0189161301481394,"San Luis Potos<U+00ED>",145.02
"799",24,2022,0.0237623762376238,1,68,15,0.533250676284941,7842.68425841674,0.6,0.04,0.00163405858259899,-0.00427928127784893,-0.00427928127784893,"San Luis Potos<U+00ED>",97.18
"800",24,2022,0.0237623762376238,1,68,15,0.533250676284941,7842.68425841674,0.6,0.04,0.00163405858259899,-0.00427928127784893,-0.00427928127784893,"San Luis Potos<U+00ED>",105.43
"801",24,2022,0.0237623762376238,1,68,15,0.533250676284941,7842.68425841674,0.6,0.04,0.00163405858259899,-0.00427928127784893,-0.00427928127784893,"San Luis Potos<U+00ED>",115.31
"802",24,2022,0.0237623762376238,1,68,15,0.533250676284941,7842.68425841674,0.6,0.04,0.00163405858259899,-0.00427928127784893,-0.00427928127784893,"San Luis Potos<U+00ED>",123.44
"803",24,2022,0.0237623762376238,1,68,15,0.533250676284941,7842.68425841674,0.6,0.04,0.00163405858259899,-0.00427928127784893,-0.00427928127784893,"San Luis Potos<U+00ED>",134.56
"804",24,2022,0.0237623762376238,1,68,15,0.533250676284941,7842.68425841674,0.6,0.04,0.00163405858259899,-0.00427928127784893,-0.00427928127784893,"San Luis Potos<U+00ED>",145.02
"805",25,2017,0.0178117048346056,0,3,66,0.590362837993991,6940.56842105263,0.713235294117647,0.0412371134020619,0.000471821646866506,0.0197817273933625,0.0197817273933625,"Sinaloa",97.24
"806",25,2017,0.0178117048346056,0,3,66,0.590362837993991,6940.56842105263,0.713235294117647,0.0412371134020619,0.000471821646866506,0.0197817273933625,0.0197817273933625,"Sinaloa",105.29
"807",25,2017,0.0178117048346056,0,3,66,0.590362837993991,6940.56842105263,0.713235294117647,0.0412371134020619,0.000471821646866506,0.0197817273933625,0.0197817273933625,"Sinaloa",115.15
"808",25,2017,0.0178117048346056,0,3,66,0.590362837993991,6940.56842105263,0.713235294117647,0.0412371134020619,0.000471821646866506,0.0197817273933625,0.0197817273933625,"Sinaloa",124.95
"809",25,2017,0.0178117048346056,0,3,66,0.590362837993991,6940.56842105263,0.713235294117647,0.0412371134020619,0.000471821646866506,0.0197817273933625,0.0197817273933625,"Sinaloa",136.62
"810",25,2017,0.0178117048346056,0,3,66,0.590362837993991,6940.56842105263,0.713235294117647,0.0412371134020619,0.000471821646866506,0.0197817273933625,0.0197817273933625,"Sinaloa",150.59
"811",25,2018,0.013096120583148,0,4,49,0.601441692826416,7157.21116970278,0.713235294117647,0.0412371134020619,-0.00424376260459108,0.0308605822257868,0.0308605822257868,"Sinaloa",97.24
"812",25,2018,0.013096120583148,0,4,49,0.601441692826416,7157.21116970278,0.713235294117647,0.0412371134020619,-0.00424376260459108,0.0308605822257868,0.0308605822257868,"Sinaloa",105.29
"813",25,2018,0.013096120583148,0,4,49,0.601441692826416,7157.21116970278,0.713235294117647,0.0412371134020619,-0.00424376260459108,0.0308605822257868,0.0308605822257868,"Sinaloa",115.15
"814",25,2018,0.013096120583148,0,4,49,0.601441692826416,7157.21116970278,0.713235294117647,0.0412371134020619,-0.00424376260459108,0.0308605822257868,0.0308605822257868,"Sinaloa",124.95
"815",25,2018,0.013096120583148,0,4,49,0.601441692826416,7157.21116970278,0.713235294117647,0.0412371134020619,-0.00424376260459108,0.0308605822257868,0.0308605822257868,"Sinaloa",136.62
"816",25,2018,0.013096120583148,0,4,49,0.601441692826416,7157.21116970278,0.713235294117647,0.0412371134020619,-0.00424376260459108,0.0308605822257868,0.0308605822257868,"Sinaloa",150.59
"817",25,2019,0.0195560253699789,0,13,57,0.575627323420074,7384.23115079365,0.713235294117647,0.0412371134020619,0.00221614218223977,0.00504621281944562,0.00504621281944562,"Sinaloa",97.24
"818",25,2019,0.0195560253699789,0,13,57,0.575627323420074,7384.23115079365,0.713235294117647,0.0412371134020619,0.00221614218223977,0.00504621281944562,0.00504621281944562,"Sinaloa",105.29
"819",25,2019,0.0195560253699789,0,13,57,0.575627323420074,7384.23115079365,0.713235294117647,0.0412371134020619,0.00221614218223977,0.00504621281944562,0.00504621281944562,"Sinaloa",115.15
"820",25,2019,0.0195560253699789,0,13,57,0.575627323420074,7384.23115079365,0.713235294117647,0.0412371134020619,0.00221614218223977,0.00504621281944562,0.00504621281944562,"Sinaloa",124.95
"821",25,2019,0.0195560253699789,0,13,57,0.575627323420074,7384.23115079365,0.713235294117647,0.0412371134020619,0.00221614218223977,0.00504621281944562,0.00504621281944562,"Sinaloa",136.62
"822",25,2019,0.0195560253699789,0,13,57,0.575627323420074,7384.23115079365,0.713235294117647,0.0412371134020619,0.00221614218223977,0.00504621281944562,0.00504621281944562,"Sinaloa",150.59
"823",25,2020,0.0177777777777778,0,4,63,0.577537648005518,8137.90238095238,0.713235294117647,0.0412371134020619,0.000437894590038686,0.00695653740488911,0.00695653740488911,"Sinaloa",97.24
"824",25,2020,0.0177777777777778,0,4,63,0.577537648005518,8137.90238095238,0.713235294117647,0.0412371134020619,0.000437894590038686,0.00695653740488911,0.00695653740488911,"Sinaloa",105.29
"825",25,2020,0.0177777777777778,0,4,63,0.577537648005518,8137.90238095238,0.713235294117647,0.0412371134020619,0.000437894590038686,0.00695653740488911,0.00695653740488911,"Sinaloa",115.15
"826",25,2020,0.0177777777777778,0,4,63,0.577537648005518,8137.90238095238,0.713235294117647,0.0412371134020619,0.000437894590038686,0.00695653740488911,0.00695653740488911,"Sinaloa",124.95
"827",25,2020,0.0177777777777778,0,4,63,0.577537648005518,8137.90238095238,0.713235294117647,0.0412371134020619,0.000437894590038686,0.00695653740488911,0.00695653740488911,"Sinaloa",136.62
"828",25,2020,0.0177777777777778,0,4,63,0.577537648005518,8137.90238095238,0.713235294117647,0.0412371134020619,0.000437894590038686,0.00695653740488911,0.00695653740488911,"Sinaloa",150.59
"829",25,2021,0.0213500784929356,0,7,59,0.543441667745695,8511.62368112544,0.713235294117647,0.0412371134020619,0.00401019530519654,-0.0271394428549341,-0.0271394428549341,"Sinaloa",97.24
"830",25,2021,0.0213500784929356,0,7,59,0.543441667745695,8511.62368112544,0.713235294117647,0.0412371134020619,0.00401019530519654,-0.0271394428549341,-0.0271394428549341,"Sinaloa",105.29
"831",25,2021,0.0213500784929356,0,7,59,0.543441667745695,8511.62368112544,0.713235294117647,0.0412371134020619,0.00401019530519654,-0.0271394428549341,-0.0271394428549341,"Sinaloa",115.15
"832",25,2021,0.0213500784929356,0,7,59,0.543441667745695,8511.62368112544,0.713235294117647,0.0412371134020619,0.00401019530519654,-0.0271394428549341,-0.0271394428549341,"Sinaloa",124.95
"833",25,2021,0.0213500784929356,0,7,59,0.543441667745695,8511.62368112544,0.713235294117647,0.0412371134020619,0.00401019530519654,-0.0271394428549341,-0.0271394428549341,"Sinaloa",136.62
"834",25,2021,0.0213500784929356,0,7,59,0.543441667745695,8511.62368112544,0.713235294117647,0.0412371134020619,0.00401019530519654,-0.0271394428549341,-0.0271394428549341,"Sinaloa",150.59
"835",25,2022,0.0144475920679887,1,45,1,0.535075493612079,9508.07262419006,0.713235294117647,0.0412371134020619,-0.00289229111975042,-0.0355056169885498,-0.0355056169885498,"Sinaloa",97.24
"836",25,2022,0.0144475920679887,1,45,1,0.535075493612079,9508.07262419006,0.713235294117647,0.0412371134020619,-0.00289229111975042,-0.0355056169885498,-0.0355056169885498,"Sinaloa",105.29
"837",25,2022,0.0144475920679887,1,45,1,0.535075493612079,9508.07262419006,0.713235294117647,0.0412371134020619,-0.00289229111975042,-0.0355056169885498,-0.0355056169885498,"Sinaloa",115.15
"838",25,2022,0.0144475920679887,1,45,1,0.535075493612079,9508.07262419006,0.713235294117647,0.0412371134020619,-0.00289229111975042,-0.0355056169885498,-0.0355056169885498,"Sinaloa",124.95
"839",25,2022,0.0144475920679887,1,45,1,0.535075493612079,9508.07262419006,0.713235294117647,0.0412371134020619,-0.00289229111975042,-0.0355056169885498,-0.0355056169885498,"Sinaloa",136.62
"840",25,2022,0.0144475920679887,1,45,1,0.535075493612079,9508.07262419006,0.713235294117647,0.0412371134020619,-0.00289229111975042,-0.0355056169885498,-0.0355056169885498,"Sinaloa",150.59
"841",26,2017,0.0365528281750267,0,2,132,0.579392732702837,7390.38812042311,0.63448275862069,0.0489130434782609,0.00757236117221769,0.0117233081885559,0.0117233081885559,"Sonora",98.09
"842",26,2017,0.0365528281750267,0,2,132,0.579392732702837,7390.38812042311,0.63448275862069,0.0489130434782609,0.00757236117221769,0.0117233081885559,0.0117233081885559,"Sonora",103.79
"843",26,2017,0.0365528281750267,0,2,132,0.579392732702837,7390.38812042311,0.63448275862069,0.0489130434782609,0.00757236117221769,0.0117233081885559,0.0117233081885559,"Sonora",111.07
"844",26,2017,0.0365528281750267,0,2,132,0.579392732702837,7390.38812042311,0.63448275862069,0.0489130434782609,0.00757236117221769,0.0117233081885559,0.0117233081885559,"Sonora",119.71
"845",26,2017,0.0365528281750267,0,2,132,0.579392732702837,7390.38812042311,0.63448275862069,0.0489130434782609,0.00757236117221769,0.0117233081885559,0.0117233081885559,"Sonora",129.81
"846",26,2017,0.0365528281750267,0,2,132,0.579392732702837,7390.38812042311,0.63448275862069,0.0489130434782609,0.00757236117221769,0.0117233081885559,0.0117233081885559,"Sonora",137.86
"847",26,2018,0.0326975476839237,0,8,106,0.582244427363567,7424.21690544413,0.63448275862069,0.0489130434782609,0.00371708068111471,0.0145750028492853,0.0145750028492853,"Sonora",98.09
"848",26,2018,0.0326975476839237,0,8,106,0.582244427363567,7424.21690544413,0.63448275862069,0.0489130434782609,0.00371708068111471,0.0145750028492853,0.0145750028492853,"Sonora",103.79
"849",26,2018,0.0326975476839237,0,8,106,0.582244427363567,7424.21690544413,0.63448275862069,0.0489130434782609,0.00371708068111471,0.0145750028492853,0.0145750028492853,"Sonora",111.07
"850",26,2018,0.0326975476839237,0,8,106,0.582244427363567,7424.21690544413,0.63448275862069,0.0489130434782609,0.00371708068111471,0.0145750028492853,0.0145750028492853,"Sonora",119.71
"851",26,2018,0.0326975476839237,0,8,106,0.582244427363567,7424.21690544413,0.63448275862069,0.0489130434782609,0.00371708068111471,0.0145750028492853,0.0145750028492853,"Sonora",129.81
"852",26,2018,0.0326975476839237,0,8,106,0.582244427363567,7424.21690544413,0.63448275862069,0.0489130434782609,0.00371708068111471,0.0145750028492853,0.0145750028492853,"Sonora",137.86
"853",26,2019,0.0281081081081081,0,12,88,0.572983922015445,7682.62289655172,0.63448275862069,0.0489130434782609,-0.000872358894700883,0.00531449750116375,0.00531449750116375,"Sonora",98.09
"854",26,2019,0.0281081081081081,0,12,88,0.572983922015445,7682.62289655172,0.63448275862069,0.0489130434782609,-0.000872358894700883,0.00531449750116375,0.00531449750116375,"Sonora",103.79
"855",26,2019,0.0281081081081081,0,12,88,0.572983922015445,7682.62289655172,0.63448275862069,0.0489130434782609,-0.000872358894700883,0.00531449750116375,0.00531449750116375,"Sonora",111.07
"856",26,2019,0.0281081081081081,0,12,88,0.572983922015445,7682.62289655172,0.63448275862069,0.0489130434782609,-0.000872358894700883,0.00531449750116375,0.00531449750116375,"Sonora",119.71
"857",26,2019,0.0281081081081081,0,12,88,0.572983922015445,7682.62289655172,0.63448275862069,0.0489130434782609,-0.000872358894700883,0.00531449750116375,0.00531449750116375,"Sonora",129.81
"858",26,2019,0.0281081081081081,0,12,88,0.572983922015445,7682.62289655172,0.63448275862069,0.0489130434782609,-0.000872358894700883,0.00531449750116375,0.00531449750116375,"Sonora",137.86
"859",26,2020,0.0263508118179398,0,19,73,0.570962069831701,8242.23587950511,0.63448275862069,0.0489130434782609,-0.00262965518486915,0.00329264531741935,0.00329264531741935,"Sonora",98.09
"860",26,2020,0.0263508118179398,0,19,73,0.570962069831701,8242.23587950511,0.63448275862069,0.0489130434782609,-0.00262965518486915,0.00329264531741935,0.00329264531741935,"Sonora",103.79
"861",26,2020,0.0263508118179398,0,19,73,0.570962069831701,8242.23587950511,0.63448275862069,0.0489130434782609,-0.00262965518486915,0.00329264531741935,0.00329264531741935,"Sonora",111.07
"862",26,2020,0.0263508118179398,0,19,73,0.570962069831701,8242.23587950511,0.63448275862069,0.0489130434782609,-0.00262965518486915,0.00329264531741935,0.00329264531741935,"Sonora",119.71
"863",26,2020,0.0263508118179398,0,19,73,0.570962069831701,8242.23587950511,0.63448275862069,0.0489130434782609,-0.00262965518486915,0.00329264531741935,0.00329264531741935,"Sonora",129.81
"864",26,2020,0.0263508118179398,0,19,73,0.570962069831701,8242.23587950511,0.63448275862069,0.0489130434782609,-0.00262965518486915,0.00329264531741935,0.00329264531741935,"Sonora",137.86
"865",26,2021,0.0303547066848568,0,6,80,0.537421100090171,8600.73422286332,0.63448275862069,0.0489130434782609,0.00137423968204776,-0.03024832442411,-0.03024832442411,"Sonora",98.09
"866",26,2021,0.0303547066848568,0,6,80,0.537421100090171,8600.73422286332,0.63448275862069,0.0489130434782609,0.00137423968204776,-0.03024832442411,-0.03024832442411,"Sonora",103.79
"867",26,2021,0.0303547066848568,0,6,80,0.537421100090171,8600.73422286332,0.63448275862069,0.0489130434782609,0.00137423968204776,-0.03024832442411,-0.03024832442411,"Sonora",111.07
"868",26,2021,0.0303547066848568,0,6,80,0.537421100090171,8600.73422286332,0.63448275862069,0.0489130434782609,0.00137423968204776,-0.03024832442411,-0.03024832442411,"Sonora",119.71
"869",26,2021,0.0303547066848568,0,6,80,0.537421100090171,8600.73422286332,0.63448275862069,0.0489130434782609,0.00137423968204776,-0.03024832442411,-0.03024832442411,"Sonora",129.81
"870",26,2021,0.0303547066848568,0,6,80,0.537421100090171,8600.73422286332,0.63448275862069,0.0489130434782609,0.00137423968204776,-0.03024832442411,-0.03024832442411,"Sonora",137.86
"871",26,2022,0.0198187995469989,1,64,3,0.563012295081967,9141.92908653846,0.63448275862069,0.0489130434782609,-0.00916166745581012,-0.004657129432314,-0.004657129432314,"Sonora",98.09
"872",26,2022,0.0198187995469989,1,64,3,0.563012295081967,9141.92908653846,0.63448275862069,0.0489130434782609,-0.00916166745581012,-0.004657129432314,-0.004657129432314,"Sonora",103.79
"873",26,2022,0.0198187995469989,1,64,3,0.563012295081967,9141.92908653846,0.63448275862069,0.0489130434782609,-0.00916166745581012,-0.004657129432314,-0.004657129432314,"Sonora",111.07
"874",26,2022,0.0198187995469989,1,64,3,0.563012295081967,9141.92908653846,0.63448275862069,0.0489130434782609,-0.00916166745581012,-0.004657129432314,-0.004657129432314,"Sonora",119.71
"875",26,2022,0.0198187995469989,1,64,3,0.563012295081967,9141.92908653846,0.63448275862069,0.0489130434782609,-0.00916166745581012,-0.004657129432314,-0.004657129432314,"Sonora",129.81
"876",26,2022,0.0198187995469989,1,64,3,0.563012295081967,9141.92908653846,0.63448275862069,0.0489130434782609,-0.00916166745581012,-0.004657129432314,-0.004657129432314,"Sonora",137.86
"877",27,2017,0.0419002655650634,0,14,127,0.512591575091575,6311.04534853589,0.292682926829268,0.0833333333333333,0.0130304855507539,0.00302121275414569,0.00302121275414569,"Tabasco",97.38
"878",27,2017,0.0419002655650634,0,14,127,0.512591575091575,6311.04534853589,0.292682926829268,0.0833333333333333,0.0130304855507539,0.00302121275414569,0.00302121275414569,"Tabasco",105.29
"879",27,2017,0.0419002655650634,0,14,127,0.512591575091575,6311.04534853589,0.292682926829268,0.0833333333333333,0.0130304855507539,0.00302121275414569,0.00302121275414569,"Tabasco",112.82
"880",27,2017,0.0419002655650634,0,14,127,0.512591575091575,6311.04534853589,0.292682926829268,0.0833333333333333,0.0130304855507539,0.00302121275414569,0.00302121275414569,"Tabasco",119.78
"881",27,2017,0.0419002655650634,0,14,127,0.512591575091575,6311.04534853589,0.292682926829268,0.0833333333333333,0.0130304855507539,0.00302121275414569,0.00302121275414569,"Tabasco",127.38
"882",27,2017,0.0419002655650634,0,14,127,0.512591575091575,6311.04534853589,0.292682926829268,0.0833333333333333,0.0130304855507539,0.00302121275414569,0.00302121275414569,"Tabasco",134.15
"883",27,2018,0.0280403276622558,0,17,71,0.500709219858156,6138.90526315789,0.292682926829268,0.0833333333333333,-0.000829452352053672,-0.00886114247927339,-0.00886114247927339,"Tabasco",97.38
"884",27,2018,0.0280403276622558,0,17,71,0.500709219858156,6138.90526315789,0.292682926829268,0.0833333333333333,-0.000829452352053672,-0.00886114247927339,-0.00886114247927339,"Tabasco",105.29
"885",27,2018,0.0280403276622558,0,17,71,0.500709219858156,6138.90526315789,0.292682926829268,0.0833333333333333,-0.000829452352053672,-0.00886114247927339,-0.00886114247927339,"Tabasco",112.82
"886",27,2018,0.0280403276622558,0,17,71,0.500709219858156,6138.90526315789,0.292682926829268,0.0833333333333333,-0.000829452352053672,-0.00886114247927339,-0.00886114247927339,"Tabasco",119.78
"887",27,2018,0.0280403276622558,0,17,71,0.500709219858156,6138.90526315789,0.292682926829268,0.0833333333333333,-0.000829452352053672,-0.00886114247927339,-0.00886114247927339,"Tabasco",127.38
"888",27,2018,0.0280403276622558,0,17,71,0.500709219858156,6138.90526315789,0.292682926829268,0.0833333333333333,-0.000829452352053672,-0.00886114247927339,-0.00886114247927339,"Tabasco",134.15
"889",27,2019,0.021780303030303,0,30,38,0.511716426787201,6264.34836065574,0.292682926829268,0.0833333333333333,-0.00708947698400647,0.00214606444977183,0.00214606444977183,"Tabasco",97.38
"890",27,2019,0.021780303030303,0,30,38,0.511716426787201,6264.34836065574,0.292682926829268,0.0833333333333333,-0.00708947698400647,0.00214606444977183,0.00214606444977183,"Tabasco",105.29
"891",27,2019,0.021780303030303,0,30,38,0.511716426787201,6264.34836065574,0.292682926829268,0.0833333333333333,-0.00708947698400647,0.00214606444977183,0.00214606444977183,"Tabasco",112.82
"892",27,2019,0.021780303030303,0,30,38,0.511716426787201,6264.34836065574,0.292682926829268,0.0833333333333333,-0.00708947698400647,0.00214606444977183,0.00214606444977183,"Tabasco",119.78
"893",27,2019,0.021780303030303,0,30,38,0.511716426787201,6264.34836065574,0.292682926829268,0.0833333333333333,-0.00708947698400647,0.00214606444977183,0.00214606444977183,"Tabasco",127.38
"894",27,2019,0.021780303030303,0,30,38,0.511716426787201,6264.34836065574,0.292682926829268,0.0833333333333333,-0.00708947698400647,0.00214606444977183,0.00214606444977183,"Tabasco",134.15
"895",27,2020,0.0327007299270073,0,43,66,0.524293389395001,6753.48905660377,0.292682926829268,0.0833333333333333,0.0038309499126978,0.0147230270575718,0.0147230270575718,"Tabasco",97.38
"896",27,2020,0.0327007299270073,0,43,66,0.524293389395001,6753.48905660377,0.292682926829268,0.0833333333333333,0.0038309499126978,0.0147230270575718,0.0147230270575718,"Tabasco",105.29
"897",27,2020,0.0327007299270073,0,43,66,0.524293389395001,6753.48905660377,0.292682926829268,0.0833333333333333,0.0038309499126978,0.0147230270575718,0.0147230270575718,"Tabasco",112.82
"898",27,2020,0.0327007299270073,0,43,66,0.524293389395001,6753.48905660377,0.292682926829268,0.0833333333333333,0.0038309499126978,0.0147230270575718,0.0147230270575718,"Tabasco",119.78
"899",27,2020,0.0327007299270073,0,43,66,0.524293389395001,6753.48905660377,0.292682926829268,0.0833333333333333,0.0038309499126978,0.0147230270575718,0.0147230270575718,"Tabasco",127.38
"900",27,2020,0.0327007299270073,0,43,66,0.524293389395001,6753.48905660377,0.292682926829268,0.0833333333333333,0.0038309499126978,0.0147230270575718,0.0147230270575718,"Tabasco",134.15
"901",27,2021,0.0280668558814254,0,16,67,0.492967332123412,6940.53958493467,0.292682926829268,0.0833333333333333,-0.000802924132884082,-0.0166030302140174,-0.0166030302140174,"Tabasco",97.38
"902",27,2021,0.0280668558814254,0,16,67,0.492967332123412,6940.53958493467,0.292682926829268,0.0833333333333333,-0.000802924132884082,-0.0166030302140174,-0.0166030302140174,"Tabasco",105.29
"903",27,2021,0.0280668558814254,0,16,67,0.492967332123412,6940.53958493467,0.292682926829268,0.0833333333333333,-0.000802924132884082,-0.0166030302140174,-0.0166030302140174,"Tabasco",112.82
"904",27,2021,0.0280668558814254,0,16,67,0.492967332123412,6940.53958493467,0.292682926829268,0.0833333333333333,-0.000802924132884082,-0.0166030302140174,-0.0166030302140174,"Tabasco",119.78
"905",27,2021,0.0280668558814254,0,16,67,0.492967332123412,6940.53958493467,0.292682926829268,0.0833333333333333,-0.000802924132884082,-0.0166030302140174,-0.0166030302140174,"Tabasco",127.38
"906",27,2021,0.0280668558814254,0,16,67,0.492967332123412,6940.53958493467,0.292682926829268,0.0833333333333333,-0.000802924132884082,-0.0166030302140174,-0.0166030302140174,"Tabasco",134.15
"907",27,2022,0.020730198019802,0,20,47,0.515144230769231,7731.64272056815,0.292682926829268,0.0833333333333333,-0.00813958199450752,0.00557386843180141,0.00557386843180141,"Tabasco",97.38
"908",27,2022,0.020730198019802,0,20,47,0.515144230769231,7731.64272056815,0.292682926829268,0.0833333333333333,-0.00813958199450752,0.00557386843180141,0.00557386843180141,"Tabasco",105.29
"909",27,2022,0.020730198019802,0,20,47,0.515144230769231,7731.64272056815,0.292682926829268,0.0833333333333333,-0.00813958199450752,0.00557386843180141,0.00557386843180141,"Tabasco",112.82
"910",27,2022,0.020730198019802,0,20,47,0.515144230769231,7731.64272056815,0.292682926829268,0.0833333333333333,-0.00813958199450752,0.00557386843180141,0.00557386843180141,"Tabasco",119.78
"911",27,2022,0.020730198019802,0,20,47,0.515144230769231,7731.64272056815,0.292682926829268,0.0833333333333333,-0.00813958199450752,0.00557386843180141,0.00557386843180141,"Tabasco",127.38
"912",27,2022,0.020730198019802,0,20,47,0.515144230769231,7731.64272056815,0.292682926829268,0.0833333333333333,-0.00813958199450752,0.00557386843180141,0.00557386843180141,"Tabasco",134.15
"913",28,2017,0.0373859287606712,0,8,119,0.542040918163673,5971.69002060642,0.48780487804878,0.05,0.00432624150291779,-0.00513422201876823,-0.00513422201876823,"Tamaulipas",98.19
"914",28,2017,0.0373859287606712,0,8,119,0.542040918163673,5971.69002060642,0.48780487804878,0.05,0.00432624150291779,-0.00513422201876823,-0.00513422201876823,"Tamaulipas",103.63
"915",28,2017,0.0373859287606712,0,8,119,0.542040918163673,5971.69002060642,0.48780487804878,0.05,0.00432624150291779,-0.00513422201876823,-0.00513422201876823,"Tamaulipas",111.21
"916",28,2017,0.0373859287606712,0,8,119,0.542040918163673,5971.69002060642,0.48780487804878,0.05,0.00432624150291779,-0.00513422201876823,-0.00513422201876823,"Tamaulipas",118.52
"917",28,2017,0.0373859287606712,0,8,119,0.542040918163673,5971.69002060642,0.48780487804878,0.05,0.00432624150291779,-0.00513422201876823,-0.00513422201876823,"Tamaulipas",127.88
"918",28,2017,0.0373859287606712,0,8,119,0.542040918163673,5971.69002060642,0.48780487804878,0.05,0.00432624150291779,-0.00513422201876823,-0.00513422201876823,"Tamaulipas",135.86
"919",28,2018,0.0308098591549296,0,4,100,0.542271135567784,6445.97324613555,0.48780487804878,0.05,-0.00224982810282381,-0.0049040046146569,-0.0049040046146569,"Tamaulipas",98.19
"920",28,2018,0.0308098591549296,0,4,100,0.542271135567784,6445.97324613555,0.48780487804878,0.05,-0.00224982810282381,-0.0049040046146569,-0.0049040046146569,"Tamaulipas",103.63
"921",28,2018,0.0308098591549296,0,4,100,0.542271135567784,6445.97324613555,0.48780487804878,0.05,-0.00224982810282381,-0.0049040046146569,-0.0049040046146569,"Tamaulipas",111.21
"922",28,2018,0.0308098591549296,0,4,100,0.542271135567784,6445.97324613555,0.48780487804878,0.05,-0.00224982810282381,-0.0049040046146569,-0.0049040046146569,"Tamaulipas",118.52
"923",28,2018,0.0308098591549296,0,4,100,0.542271135567784,6445.97324613555,0.48780487804878,0.05,-0.00224982810282381,-0.0049040046146569,-0.0049040046146569,"Tamaulipas",127.88
"924",28,2018,0.0308098591549296,0,4,100,0.542271135567784,6445.97324613555,0.48780487804878,0.05,-0.00224982810282381,-0.0049040046146569,-0.0049040046146569,"Tamaulipas",135.86
"925",28,2019,0.0377179681576952,0,16,179,0.569243986254296,6767.3638996139,0.48780487804878,0.05,0.00465828089994183,0.0220688460718547,0.0220688460718547,"Tamaulipas",98.19
"926",28,2019,0.0377179681576952,0,16,179,0.569243986254296,6767.3638996139,0.48780487804878,0.05,0.00465828089994183,0.0220688460718547,0.0220688460718547,"Tamaulipas",103.63
"927",28,2019,0.0377179681576952,0,16,179,0.569243986254296,6767.3638996139,0.48780487804878,0.05,0.00465828089994183,0.0220688460718547,0.0220688460718547,"Tamaulipas",111.21
"928",28,2019,0.0377179681576952,0,16,179,0.569243986254296,6767.3638996139,0.48780487804878,0.05,0.00465828089994183,0.0220688460718547,0.0220688460718547,"Tamaulipas",118.52
"929",28,2019,0.0377179681576952,0,16,179,0.569243986254296,6767.3638996139,0.48780487804878,0.05,0.00465828089994183,0.0220688460718547,0.0220688460718547,"Tamaulipas",127.88
"930",28,2019,0.0377179681576952,0,16,179,0.569243986254296,6767.3638996139,0.48780487804878,0.05,0.00465828089994183,0.0220688460718547,0.0220688460718547,"Tamaulipas",135.86
"931",28,2020,0.0299925484351714,0,37,117,0.556345092793847,7270.74308300395,0.48780487804878,0.05,-0.00306713882258201,0.0091699526114063,0.0091699526114063,"Tamaulipas",98.19
"932",28,2020,0.0299925484351714,0,37,117,0.556345092793847,7270.74308300395,0.48780487804878,0.05,-0.00306713882258201,0.0091699526114063,0.0091699526114063,"Tamaulipas",103.63
"933",28,2020,0.0299925484351714,0,37,117,0.556345092793847,7270.74308300395,0.48780487804878,0.05,-0.00306713882258201,0.0091699526114063,0.0091699526114063,"Tamaulipas",111.21
"934",28,2020,0.0299925484351714,0,37,117,0.556345092793847,7270.74308300395,0.48780487804878,0.05,-0.00306713882258201,0.0091699526114063,0.0091699526114063,"Tamaulipas",118.52
"935",28,2020,0.0299925484351714,0,37,117,0.556345092793847,7270.74308300395,0.48780487804878,0.05,-0.00306713882258201,0.0091699526114063,0.0091699526114063,"Tamaulipas",127.88
"936",28,2020,0.0299925484351714,0,37,117,0.556345092793847,7270.74308300395,0.48780487804878,0.05,-0.00306713882258201,0.0091699526114063,0.0091699526114063,"Tamaulipas",135.86
"937",28,2021,0.0384533673252603,0,42,134,0.530626973387461,7751.262447927,0.48780487804878,0.05,0.00539368006750686,-0.0165481667949803,-0.0165481667949803,"Tamaulipas",98.19
"938",28,2021,0.0384533673252603,0,42,134,0.530626973387461,7751.262447927,0.48780487804878,0.05,0.00539368006750686,-0.0165481667949803,-0.0165481667949803,"Tamaulipas",103.63
"939",28,2021,0.0384533673252603,0,42,134,0.530626973387461,7751.262447927,0.48780487804878,0.05,0.00539368006750686,-0.0165481667949803,-0.0165481667949803,"Tamaulipas",111.21
"940",28,2021,0.0384533673252603,0,42,134,0.530626973387461,7751.262447927,0.48780487804878,0.05,0.00539368006750686,-0.0165481667949803,-0.0165481667949803,"Tamaulipas",118.52
"941",28,2021,0.0384533673252603,0,42,134,0.530626973387461,7751.262447927,0.48780487804878,0.05,0.00539368006750686,-0.0165481667949803,-0.0165481667949803,"Tamaulipas",127.88
"942",28,2021,0.0384533673252603,0,42,134,0.530626973387461,7751.262447927,0.48780487804878,0.05,0.00539368006750686,-0.0165481667949803,-0.0165481667949803,"Tamaulipas",135.86
"943",28,2022,0.0239984517127927,0,37,84,0.542522734927585,8437.5494100295,0.48780487804878,0.05,-0.00906123554496067,-0.00465240525485577,-0.00465240525485577,"Tamaulipas",98.19
"944",28,2022,0.0239984517127927,0,37,84,0.542522734927585,8437.5494100295,0.48780487804878,0.05,-0.00906123554496067,-0.00465240525485577,-0.00465240525485577,"Tamaulipas",103.63
"945",28,2022,0.0239984517127927,0,37,84,0.542522734927585,8437.5494100295,0.48780487804878,0.05,-0.00906123554496067,-0.00465240525485577,-0.00465240525485577,"Tamaulipas",111.21
"946",28,2022,0.0239984517127927,0,37,84,0.542522734927585,8437.5494100295,0.48780487804878,0.05,-0.00906123554496067,-0.00465240525485577,-0.00465240525485577,"Tamaulipas",118.52
"947",28,2022,0.0239984517127927,0,37,84,0.542522734927585,8437.5494100295,0.48780487804878,0.05,-0.00906123554496067,-0.00465240525485577,-0.00465240525485577,"Tamaulipas",127.88
"948",28,2022,0.0239984517127927,0,37,84,0.542522734927585,8437.5494100295,0.48780487804878,0.05,-0.00906123554496067,-0.00465240525485577,-0.00465240525485577,"Tamaulipas",135.86
"949",29,2017,0.0120048019207683,0,8,32,0.542752683099422,4588.71133460179,0.5,0.0222222222222222,0.00189372198616199,0.0107498587066964,0.0107498587066964,"Tlaxcala",97.61
"950",29,2017,0.0120048019207683,0,8,32,0.542752683099422,4588.71133460179,0.5,0.0222222222222222,0.00189372198616199,0.0107498587066964,0.0107498587066964,"Tlaxcala",104.09
"951",29,2017,0.0120048019207683,0,8,32,0.542752683099422,4588.71133460179,0.5,0.0222222222222222,0.00189372198616199,0.0107498587066964,0.0107498587066964,"Tlaxcala",111.12
"952",29,2017,0.0120048019207683,0,8,32,0.542752683099422,4588.71133460179,0.5,0.0222222222222222,0.00189372198616199,0.0107498587066964,0.0107498587066964,"Tlaxcala",116.27
"953",29,2017,0.0120048019207683,0,8,32,0.542752683099422,4588.71133460179,0.5,0.0222222222222222,0.00189372198616199,0.0107498587066964,0.0107498587066964,"Tlaxcala",124.55
"954",29,2017,0.0120048019207683,0,8,32,0.542752683099422,4588.71133460179,0.5,0.0222222222222222,0.00189372198616199,0.0107498587066964,0.0107498587066964,"Tlaxcala",131.74
"955",29,2018,0.00823672971323978,0,5,22,0.539585579111271,5054.33472222222,0.5,0.0222222222222222,-0.00187435022136653,0.00758275471854508,0.00758275471854508,"Tlaxcala",97.61
"956",29,2018,0.00823672971323978,0,5,22,0.539585579111271,5054.33472222222,0.5,0.0222222222222222,-0.00187435022136653,0.00758275471854508,0.00758275471854508,"Tlaxcala",104.09
"957",29,2018,0.00823672971323978,0,5,22,0.539585579111271,5054.33472222222,0.5,0.0222222222222222,-0.00187435022136653,0.00758275471854508,0.00758275471854508,"Tlaxcala",111.12
"958",29,2018,0.00823672971323978,0,5,22,0.539585579111271,5054.33472222222,0.5,0.0222222222222222,-0.00187435022136653,0.00758275471854508,0.00758275471854508,"Tlaxcala",116.27
"959",29,2018,0.00823672971323978,0,5,22,0.539585579111271,5054.33472222222,0.5,0.0222222222222222,-0.00187435022136653,0.00758275471854508,0.00758275471854508,"Tlaxcala",124.55
"960",29,2018,0.00823672971323978,0,5,22,0.539585579111271,5054.33472222222,0.5,0.0222222222222222,-0.00187435022136653,0.00758275471854508,0.00758275471854508,"Tlaxcala",131.74
"961",29,2019,0.0102669404517454,0,6,29,0.54281484855386,4971.29216539717,0.5,0.0222222222222222,0.000155860517139065,0.0108120241611345,0.0108120241611345,"Tlaxcala",97.61
"962",29,2019,0.0102669404517454,0,6,29,0.54281484855386,4971.29216539717,0.5,0.0222222222222222,0.000155860517139065,0.0108120241611345,0.0108120241611345,"Tlaxcala",104.09
"963",29,2019,0.0102669404517454,0,6,29,0.54281484855386,4971.29216539717,0.5,0.0222222222222222,0.000155860517139065,0.0108120241611345,0.0108120241611345,"Tlaxcala",111.12
"964",29,2019,0.0102669404517454,0,6,29,0.54281484855386,4971.29216539717,0.5,0.0222222222222222,0.000155860517139065,0.0108120241611345,0.0108120241611345,"Tlaxcala",116.27
"965",29,2019,0.0102669404517454,0,6,29,0.54281484855386,4971.29216539717,0.5,0.0222222222222222,0.000155860517139065,0.0108120241611345,0.0108120241611345,"Tlaxcala",124.55
"966",29,2019,0.0102669404517454,0,6,29,0.54281484855386,4971.29216539717,0.5,0.0222222222222222,0.000155860517139065,0.0108120241611345,0.0108120241611345,"Tlaxcala",131.74
"967",29,2020,0.00924269528920692,0,6,24,0.539387564282375,5333.50964842717,0.5,0.0222222222222222,-0.000868384645399397,0.00738473988964916,0.00738473988964916,"Tlaxcala",97.61
"968",29,2020,0.00924269528920692,0,6,24,0.539387564282375,5333.50964842717,0.5,0.0222222222222222,-0.000868384645399397,0.00738473988964916,0.00738473988964916,"Tlaxcala",104.09
"969",29,2020,0.00924269528920692,0,6,24,0.539387564282375,5333.50964842717,0.5,0.0222222222222222,-0.000868384645399397,0.00738473988964916,0.00738473988964916,"Tlaxcala",111.12
"970",29,2020,0.00924269528920692,0,6,24,0.539387564282375,5333.50964842717,0.5,0.0222222222222222,-0.000868384645399397,0.00738473988964916,0.00738473988964916,"Tlaxcala",116.27
"971",29,2020,0.00924269528920692,0,6,24,0.539387564282375,5333.50964842717,0.5,0.0222222222222222,-0.000868384645399397,0.00738473988964916,0.00738473988964916,"Tlaxcala",124.55
"972",29,2020,0.00924269528920692,0,6,24,0.539387564282375,5333.50964842717,0.5,0.0222222222222222,-0.000868384645399397,0.00738473988964916,0.00738473988964916,"Tlaxcala",131.74
"973",29,2021,0.00714285714285714,1,14,2,0.494688441414302,5258.85955276579,0.5,0.0222222222222222,-0.00296822279174917,-0.0373143829784242,-0.0373143829784242,"Tlaxcala",97.61
"974",29,2021,0.00714285714285714,1,14,2,0.494688441414302,5258.85955276579,0.5,0.0222222222222222,-0.00296822279174917,-0.0373143829784242,-0.0373143829784242,"Tlaxcala",104.09
"975",29,2021,0.00714285714285714,1,14,2,0.494688441414302,5258.85955276579,0.5,0.0222222222222222,-0.00296822279174917,-0.0373143829784242,-0.0373143829784242,"Tlaxcala",111.12
"976",29,2021,0.00714285714285714,1,14,2,0.494688441414302,5258.85955276579,0.5,0.0222222222222222,-0.00296822279174917,-0.0373143829784242,-0.0373143829784242,"Tlaxcala",116.27
"977",29,2021,0.00714285714285714,1,14,2,0.494688441414302,5258.85955276579,0.5,0.0222222222222222,-0.00296822279174917,-0.0373143829784242,-0.0373143829784242,"Tlaxcala",124.55
"978",29,2021,0.00714285714285714,1,14,2,0.494688441414302,5258.85955276579,0.5,0.0222222222222222,-0.00296822279174917,-0.0373143829784242,-0.0373143829784242,"Tlaxcala",131.74
"979",29,2022,0.0137724550898204,1,37,8,0.532787829895125,5900.22087705139,0.5,0.0222222222222222,0.00366137515521404,0.00078500550239935,0.00078500550239935,"Tlaxcala",97.61
"980",29,2022,0.0137724550898204,1,37,8,0.532787829895125,5900.22087705139,0.5,0.0222222222222222,0.00366137515521404,0.00078500550239935,0.00078500550239935,"Tlaxcala",104.09
"981",29,2022,0.0137724550898204,1,37,8,0.532787829895125,5900.22087705139,0.5,0.0222222222222222,0.00366137515521404,0.00078500550239935,0.00078500550239935,"Tlaxcala",111.12
"982",29,2022,0.0137724550898204,1,37,8,0.532787829895125,5900.22087705139,0.5,0.0222222222222222,0.00366137515521404,0.00078500550239935,0.00078500550239935,"Tlaxcala",116.27
"983",29,2022,0.0137724550898204,1,37,8,0.532787829895125,5900.22087705139,0.5,0.0222222222222222,0.00366137515521404,0.00078500550239935,0.00078500550239935,"Tlaxcala",124.55
"984",29,2022,0.0137724550898204,1,37,8,0.532787829895125,5900.22087705139,0.5,0.0222222222222222,0.00366137515521404,0.00078500550239935,0.00078500550239935,"Tlaxcala",131.74
"985",30,2017,0.0150815635580179,0,4,42,0.516396933560477,4939.10690551864,0.427876823338736,0.0227272727272727,-0.0146130398132905,0.0123897122331589,0.0123897122331589,"Veracruz",98.01
"986",30,2017,0.0150815635580179,0,4,42,0.516396933560477,4939.10690551864,0.427876823338736,0.0227272727272727,-0.0146130398132905,0.0123897122331589,0.0123897122331589,"Veracruz",103.9
"987",30,2017,0.0150815635580179,0,4,42,0.516396933560477,4939.10690551864,0.427876823338736,0.0227272727272727,-0.0146130398132905,0.0123897122331589,0.0123897122331589,"Veracruz",110.72
"988",30,2017,0.0150815635580179,0,4,42,0.516396933560477,4939.10690551864,0.427876823338736,0.0227272727272727,-0.0146130398132905,0.0123897122331589,0.0123897122331589,"Veracruz",116.72
"989",30,2017,0.0150815635580179,0,4,42,0.516396933560477,4939.10690551864,0.427876823338736,0.0227272727272727,-0.0146130398132905,0.0123897122331589,0.0123897122331589,"Veracruz",126.24
"990",30,2017,0.0150815635580179,0,4,42,0.516396933560477,4939.10690551864,0.427876823338736,0.0227272727272727,-0.0146130398132905,0.0123897122331589,0.0123897122331589,"Veracruz",137.3
"991",30,2018,0.0188077781319732,0,8,49,0.512287130847165,5121.17511792453,0.427876823338736,0.0227272727272727,-0.0108868252393351,0.00827990951984725,0.00827990951984725,"Veracruz",98.01
"992",30,2018,0.0188077781319732,0,8,49,0.512287130847165,5121.17511792453,0.427876823338736,0.0227272727272727,-0.0108868252393351,0.00827990951984725,0.00827990951984725,"Veracruz",103.9
"993",30,2018,0.0188077781319732,0,8,49,0.512287130847165,5121.17511792453,0.427876823338736,0.0227272727272727,-0.0108868252393351,0.00827990951984725,0.00827990951984725,"Veracruz",110.72
"994",30,2018,0.0188077781319732,0,8,49,0.512287130847165,5121.17511792453,0.427876823338736,0.0227272727272727,-0.0108868252393351,0.00827990951984725,0.00827990951984725,"Veracruz",116.72
"995",30,2018,0.0188077781319732,0,8,49,0.512287130847165,5121.17511792453,0.427876823338736,0.0227272727272727,-0.0108868252393351,0.00827990951984725,0.00827990951984725,"Veracruz",126.24
"996",30,2018,0.0188077781319732,0,8,49,0.512287130847165,5121.17511792453,0.427876823338736,0.0227272727272727,-0.0108868252393351,0.00827990951984725,0.00827990951984725,"Veracruz",137.3
"997",30,2019,0.0228351126927639,0,7,70,0.51393409275834,5459.56227260006,0.427876823338736,0.0227272727272727,-0.0068594906785444,0.009926871431022,0.009926871431022,"Veracruz",98.01
"998",30,2019,0.0228351126927639,0,7,70,0.51393409275834,5459.56227260006,0.427876823338736,0.0227272727272727,-0.0068594906785444,0.009926871431022,0.009926871431022,"Veracruz",103.9
"999",30,2019,0.0228351126927639,0,7,70,0.51393409275834,5459.56227260006,0.427876823338736,0.0227272727272727,-0.0068594906785444,0.009926871431022,0.009926871431022,"Veracruz",110.72
"1000",30,2019,0.0228351126927639,0,7,70,0.51393409275834,5459.56227260006,0.427876823338736,0.0227272727272727,-0.0068594906785444,0.009926871431022,0.009926871431022,"Veracruz",116.72
"1001",30,2019,0.0228351126927639,0,7,70,0.51393409275834,5459.56227260006,0.427876823338736,0.0227272727272727,-0.0068594906785444,0.009926871431022,0.009926871431022,"Veracruz",126.24
"1002",30,2019,0.0228351126927639,0,7,70,0.51393409275834,5459.56227260006,0.427876823338736,0.0227272727272727,-0.0068594906785444,0.009926871431022,0.009926871431022,"Veracruz",137.3
"1003",30,2020,0.0383825944170772,0,45,141,0.509949892627058,6077.2746895893,0.427876823338736,0.0227272727272727,0.00868799104576884,0.00594267129973991,0.00594267129973991,"Veracruz",98.01
"1004",30,2020,0.0383825944170772,0,45,141,0.509949892627058,6077.2746895893,0.427876823338736,0.0227272727272727,0.00868799104576884,0.00594267129973991,0.00594267129973991,"Veracruz",103.9
"1005",30,2020,0.0383825944170772,0,45,141,0.509949892627058,6077.2746895893,0.427876823338736,0.0227272727272727,0.00868799104576884,0.00594267129973991,0.00594267129973991,"Veracruz",110.72
"1006",30,2020,0.0383825944170772,0,45,141,0.509949892627058,6077.2746895893,0.427876823338736,0.0227272727272727,0.00868799104576884,0.00594267129973991,0.00594267129973991,"Veracruz",116.72
"1007",30,2020,0.0383825944170772,0,45,141,0.509949892627058,6077.2746895893,0.427876823338736,0.0227272727272727,0.00868799104576884,0.00594267129973991,0.00594267129973991,"Veracruz",126.24
"1008",30,2020,0.0383825944170772,0,45,141,0.509949892627058,6077.2746895893,0.427876823338736,0.0227272727272727,0.00868799104576884,0.00594267129973991,0.00594267129973991,"Veracruz",137.3
"1009",30,2021,0.0401911186059584,0,32,109,0.481494953169046,6620.15050883771,0.427876823338736,0.0227272727272727,0.0104965152346501,-0.022512268158272,-0.022512268158272,"Veracruz",98.01
"1010",30,2021,0.0401911186059584,0,32,109,0.481494953169046,6620.15050883771,0.427876823338736,0.0227272727272727,0.0104965152346501,-0.022512268158272,-0.022512268158272,"Veracruz",103.9
"1011",30,2021,0.0401911186059584,0,32,109,0.481494953169046,6620.15050883771,0.427876823338736,0.0227272727272727,0.0104965152346501,-0.022512268158272,-0.022512268158272,"Veracruz",110.72
"1012",30,2021,0.0401911186059584,0,32,109,0.481494953169046,6620.15050883771,0.427876823338736,0.0227272727272727,0.0104965152346501,-0.022512268158272,-0.022512268158272,"Veracruz",116.72
"1013",30,2021,0.0401911186059584,0,32,109,0.481494953169046,6620.15050883771,0.427876823338736,0.0227272727272727,0.0104965152346501,-0.022512268158272,-0.022512268158272,"Veracruz",126.24
"1014",30,2021,0.0401911186059584,0,32,109,0.481494953169046,6620.15050883771,0.427876823338736,0.0227272727272727,0.0104965152346501,-0.022512268158272,-0.022512268158272,"Veracruz",137.3
"1015",30,2022,0.0428694528220595,0,38,160,0.489980325001822,6977.78411234542,0.427876823338736,0.0227272727272727,0.0131748494507511,-0.0140268963254964,-0.0140268963254964,"Veracruz",98.01
"1016",30,2022,0.0428694528220595,0,38,160,0.489980325001822,6977.78411234542,0.427876823338736,0.0227272727272727,0.0131748494507511,-0.0140268963254964,-0.0140268963254964,"Veracruz",103.9
"1017",30,2022,0.0428694528220595,0,38,160,0.489980325001822,6977.78411234542,0.427876823338736,0.0227272727272727,0.0131748494507511,-0.0140268963254964,-0.0140268963254964,"Veracruz",110.72
"1018",30,2022,0.0428694528220595,0,38,160,0.489980325001822,6977.78411234542,0.427876823338736,0.0227272727272727,0.0131748494507511,-0.0140268963254964,-0.0140268963254964,"Veracruz",116.72
"1019",30,2022,0.0428694528220595,0,38,160,0.489980325001822,6977.78411234542,0.427876823338736,0.0227272727272727,0.0131748494507511,-0.0140268963254964,-0.0140268963254964,"Veracruz",126.24
"1020",30,2022,0.0428694528220595,0,38,160,0.489980325001822,6977.78411234542,0.427876823338736,0.0227272727272727,0.0131748494507511,-0.0140268963254964,-0.0140268963254964,"Veracruz",137.3
"1021",31,2017,0.0210946408209806,0,24,47,0.60056757715502,5316.01047729919,0.676,0.029585798816568,-0.00122616172024434,0.00885219845230167,0.00885219845230167,"Yucat<U+00E1>n",97.5
"1022",31,2017,0.0210946408209806,0,24,47,0.60056757715502,5316.01047729919,0.676,0.029585798816568,-0.00122616172024434,0.00885219845230167,0.00885219845230167,"Yucat<U+00E1>n",104.77
"1023",31,2017,0.0210946408209806,0,24,47,0.60056757715502,5316.01047729919,0.676,0.029585798816568,-0.00122616172024434,0.00885219845230167,0.00885219845230167,"Yucat<U+00E1>n",114.29
"1024",31,2017,0.0210946408209806,0,24,47,0.60056757715502,5316.01047729919,0.676,0.029585798816568,-0.00122616172024434,0.00885219845230167,0.00885219845230167,"Yucat<U+00E1>n",123.29
"1025",31,2017,0.0210946408209806,0,24,47,0.60056757715502,5316.01047729919,0.676,0.029585798816568,-0.00122616172024434,0.00885219845230167,0.00885219845230167,"Yucat<U+00E1>n",132.56
"1026",31,2017,0.0210946408209806,0,24,47,0.60056757715502,5316.01047729919,0.676,0.029585798816568,-0.00122616172024434,0.00885219845230167,0.00885219845230167,"Yucat<U+00E1>n",142.94
"1027",31,2018,0.0170724881052337,0,16,44,0.599146383665936,5593.24128815189,0.676,0.029585798816568,-0.00524831443599126,0.00743100496321825,0.00743100496321825,"Yucat<U+00E1>n",97.5
"1028",31,2018,0.0170724881052337,0,16,44,0.599146383665936,5593.24128815189,0.676,0.029585798816568,-0.00524831443599126,0.00743100496321825,0.00743100496321825,"Yucat<U+00E1>n",104.77
"1029",31,2018,0.0170724881052337,0,16,44,0.599146383665936,5593.24128815189,0.676,0.029585798816568,-0.00524831443599126,0.00743100496321825,0.00743100496321825,"Yucat<U+00E1>n",114.29
"1030",31,2018,0.0170724881052337,0,16,44,0.599146383665936,5593.24128815189,0.676,0.029585798816568,-0.00524831443599126,0.00743100496321825,0.00743100496321825,"Yucat<U+00E1>n",123.29
"1031",31,2018,0.0170724881052337,0,16,44,0.599146383665936,5593.24128815189,0.676,0.029585798816568,-0.00524831443599126,0.00743100496321825,0.00743100496321825,"Yucat<U+00E1>n",132.56
"1032",31,2018,0.0170724881052337,0,16,44,0.599146383665936,5593.24128815189,0.676,0.029585798816568,-0.00524831443599126,0.00743100496321825,0.00743100496321825,"Yucat<U+00E1>n",142.94
"1033",31,2019,0.0190937589056711,0,28,38,0.595249077490775,5915.87682149362,0.676,0.029585798816568,-0.00322704363555382,0.00353369878805709,0.00353369878805709,"Yucat<U+00E1>n",97.5
"1034",31,2019,0.0190937589056711,0,28,38,0.595249077490775,5915.87682149362,0.676,0.029585798816568,-0.00322704363555382,0.00353369878805709,0.00353369878805709,"Yucat<U+00E1>n",104.77
"1035",31,2019,0.0190937589056711,0,28,38,0.595249077490775,5915.87682149362,0.676,0.029585798816568,-0.00322704363555382,0.00353369878805709,0.00353369878805709,"Yucat<U+00E1>n",114.29
"1036",31,2019,0.0190937589056711,0,28,38,0.595249077490775,5915.87682149362,0.676,0.029585798816568,-0.00322704363555382,0.00353369878805709,0.00353369878805709,"Yucat<U+00E1>n",123.29
"1037",31,2019,0.0190937589056711,0,28,38,0.595249077490775,5915.87682149362,0.676,0.029585798816568,-0.00322704363555382,0.00353369878805709,0.00353369878805709,"Yucat<U+00E1>n",132.56
"1038",31,2019,0.0190937589056711,0,28,38,0.595249077490775,5915.87682149362,0.676,0.029585798816568,-0.00322704363555382,0.00353369878805709,0.00353369878805709,"Yucat<U+00E1>n",142.94
"1039",31,2020,0.0214150176199512,0,27,52,0.597445212703621,6385.27239571461,0.676,0.029585798816568,-0.000905784921273748,0.00572983400090343,0.00572983400090343,"Yucat<U+00E1>n",97.5
"1040",31,2020,0.0214150176199512,0,27,52,0.597445212703621,6385.27239571461,0.676,0.029585798816568,-0.000905784921273748,0.00572983400090343,0.00572983400090343,"Yucat<U+00E1>n",104.77
"1041",31,2020,0.0214150176199512,0,27,52,0.597445212703621,6385.27239571461,0.676,0.029585798816568,-0.000905784921273748,0.00572983400090343,0.00572983400090343,"Yucat<U+00E1>n",114.29
"1042",31,2020,0.0214150176199512,0,27,52,0.597445212703621,6385.27239571461,0.676,0.029585798816568,-0.000905784921273748,0.00572983400090343,0.00572983400090343,"Yucat<U+00E1>n",123.29
"1043",31,2020,0.0214150176199512,0,27,52,0.597445212703621,6385.27239571461,0.676,0.029585798816568,-0.000905784921273748,0.00572983400090343,0.00572983400090343,"Yucat<U+00E1>n",132.56
"1044",31,2020,0.0214150176199512,0,27,52,0.597445212703621,6385.27239571461,0.676,0.029585798816568,-0.000905784921273748,0.00572983400090343,0.00572983400090343,"Yucat<U+00E1>n",142.94
"1045",31,2021,0.0283656010805943,0,18,42,0.57253029746603,6840.20589390963,0.676,0.029585798816568,0.00604479853936937,-0.0191850812366877,-0.0191850812366877,"Yucat<U+00E1>n",97.5
"1046",31,2021,0.0283656010805943,0,18,42,0.57253029746603,6840.20589390963,0.676,0.029585798816568,0.00604479853936937,-0.0191850812366877,-0.0191850812366877,"Yucat<U+00E1>n",104.77
"1047",31,2021,0.0283656010805943,0,18,42,0.57253029746603,6840.20589390963,0.676,0.029585798816568,0.00604479853936937,-0.0191850812366877,-0.0191850812366877,"Yucat<U+00E1>n",114.29
"1048",31,2021,0.0283656010805943,0,18,42,0.57253029746603,6840.20589390963,0.676,0.029585798816568,0.00604479853936937,-0.0191850812366877,-0.0191850812366877,"Yucat<U+00E1>n",123.29
"1049",31,2021,0.0283656010805943,0,18,42,0.57253029746603,6840.20589390963,0.676,0.029585798816568,0.00604479853936937,-0.0191850812366877,-0.0191850812366877,"Yucat<U+00E1>n",132.56
"1050",31,2021,0.0283656010805943,0,18,42,0.57253029746603,6840.20589390963,0.676,0.029585798816568,0.00604479853936937,-0.0191850812366877,-0.0191850812366877,"Yucat<U+00E1>n",142.94
"1051",31,2022,0.0268833087149188,1,82,8,0.585353723734925,7269.73538230885,0.676,0.029585798816568,0.0045625061736938,-0.00636165496779306,-0.00636165496779306,"Yucat<U+00E1>n",97.5
"1052",31,2022,0.0268833087149188,1,82,8,0.585353723734925,7269.73538230885,0.676,0.029585798816568,0.0045625061736938,-0.00636165496779306,-0.00636165496779306,"Yucat<U+00E1>n",104.77
"1053",31,2022,0.0268833087149188,1,82,8,0.585353723734925,7269.73538230885,0.676,0.029585798816568,0.0045625061736938,-0.00636165496779306,-0.00636165496779306,"Yucat<U+00E1>n",114.29
"1054",31,2022,0.0268833087149188,1,82,8,0.585353723734925,7269.73538230885,0.676,0.029585798816568,0.0045625061736938,-0.00636165496779306,-0.00636165496779306,"Yucat<U+00E1>n",123.29
"1055",31,2022,0.0268833087149188,1,82,8,0.585353723734925,7269.73538230885,0.676,0.029585798816568,0.0045625061736938,-0.00636165496779306,-0.00636165496779306,"Yucat<U+00E1>n",132.56
"1056",31,2022,0.0268833087149188,1,82,8,0.585353723734925,7269.73538230885,0.676,0.029585798816568,0.0045625061736938,-0.00636165496779306,-0.00636165496779306,"Yucat<U+00E1>n",142.94
"1057",32,2017,0.0421499292786421,0,10,135,0.532078413900646,6094.47387606318,0.581395348837209,0.0266666666666667,-9.48840278462079e-05,0.0091554205172103,0.0091554205172103,"Zacatecas",97.37
"1058",32,2017,0.0421499292786421,0,10,135,0.532078413900646,6094.47387606318,0.581395348837209,0.0266666666666667,-9.48840278462079e-05,0.0091554205172103,0.0091554205172103,"Zacatecas",105
"1059",32,2017,0.0421499292786421,0,10,135,0.532078413900646,6094.47387606318,0.581395348837209,0.0266666666666667,-9.48840278462079e-05,0.0091554205172103,0.0091554205172103,"Zacatecas",113.61
"1060",32,2017,0.0421499292786421,0,10,135,0.532078413900646,6094.47387606318,0.581395348837209,0.0266666666666667,-9.48840278462079e-05,0.0091554205172103,0.0091554205172103,"Zacatecas",121.08
"1061",32,2017,0.0421499292786421,0,10,135,0.532078413900646,6094.47387606318,0.581395348837209,0.0266666666666667,-9.48840278462079e-05,0.0091554205172103,0.0091554205172103,"Zacatecas",127.89
"1062",32,2017,0.0421499292786421,0,10,135,0.532078413900646,6094.47387606318,0.581395348837209,0.0266666666666667,-9.48840278462079e-05,0.0091554205172103,0.0091554205172103,"Zacatecas",132.82
"1063",32,2018,0.0415353766828989,0,14,127,0.519456596822473,6177.85296831744,0.581395348837209,0.0266666666666667,-0.000709436623589473,-0.00346639656096281,-0.00346639656096281,"Zacatecas",97.37
"1064",32,2018,0.0415353766828989,0,14,127,0.519456596822473,6177.85296831744,0.581395348837209,0.0266666666666667,-0.000709436623589473,-0.00346639656096281,-0.00346639656096281,"Zacatecas",105
"1065",32,2018,0.0415353766828989,0,14,127,0.519456596822473,6177.85296831744,0.581395348837209,0.0266666666666667,-0.000709436623589473,-0.00346639656096281,-0.00346639656096281,"Zacatecas",113.61
"1066",32,2018,0.0415353766828989,0,14,127,0.519456596822473,6177.85296831744,0.581395348837209,0.0266666666666667,-0.000709436623589473,-0.00346639656096281,-0.00346639656096281,"Zacatecas",121.08
"1067",32,2018,0.0415353766828989,0,14,127,0.519456596822473,6177.85296831744,0.581395348837209,0.0266666666666667,-0.000709436623589473,-0.00346639656096281,-0.00346639656096281,"Zacatecas",127.89
"1068",32,2018,0.0415353766828989,0,14,127,0.519456596822473,6177.85296831744,0.581395348837209,0.0266666666666667,-0.000709436623589473,-0.00346639656096281,-0.00346639656096281,"Zacatecas",132.82
"1069",32,2019,0.0349609939323895,0,19,101,0.51183867678713,6718.42812303829,0.581395348837209,0.0266666666666667,-0.00728381937409887,-0.0110843165963054,-0.0110843165963054,"Zacatecas",97.37
"1070",32,2019,0.0349609939323895,0,19,101,0.51183867678713,6718.42812303829,0.581395348837209,0.0266666666666667,-0.00728381937409887,-0.0110843165963054,-0.0110843165963054,"Zacatecas",105
"1071",32,2019,0.0349609939323895,0,19,101,0.51183867678713,6718.42812303829,0.581395348837209,0.0266666666666667,-0.00728381937409887,-0.0110843165963054,-0.0110843165963054,"Zacatecas",113.61
"1072",32,2019,0.0349609939323895,0,19,101,0.51183867678713,6718.42812303829,0.581395348837209,0.0266666666666667,-0.00728381937409887,-0.0110843165963054,-0.0110843165963054,"Zacatecas",121.08
"1073",32,2019,0.0349609939323895,0,19,101,0.51183867678713,6718.42812303829,0.581395348837209,0.0266666666666667,-0.00728381937409887,-0.0110843165963054,-0.0110843165963054,"Zacatecas",127.89
"1074",32,2019,0.0349609939323895,0,19,101,0.51183867678713,6718.42812303829,0.581395348837209,0.0266666666666667,-0.00728381937409887,-0.0110843165963054,-0.0110843165963054,"Zacatecas",132.82
"1075",32,2020,0.0292957746478873,0,18,83,0.527951014854292,7050.85731707317,0.581395348837209,0.0266666666666667,-0.012949038658601,0.00502802147085613,0.00502802147085613,"Zacatecas",97.37
"1076",32,2020,0.0292957746478873,0,18,83,0.527951014854292,7050.85731707317,0.581395348837209,0.0266666666666667,-0.012949038658601,0.00502802147085613,0.00502802147085613,"Zacatecas",105
"1077",32,2020,0.0292957746478873,0,18,83,0.527951014854292,7050.85731707317,0.581395348837209,0.0266666666666667,-0.012949038658601,0.00502802147085613,0.00502802147085613,"Zacatecas",113.61
"1078",32,2020,0.0292957746478873,0,18,83,0.527951014854292,7050.85731707317,0.581395348837209,0.0266666666666667,-0.012949038658601,0.00502802147085613,0.00502802147085613,"Zacatecas",121.08
"1079",32,2020,0.0292957746478873,0,18,83,0.527951014854292,7050.85731707317,0.581395348837209,0.0266666666666667,-0.012949038658601,0.00502802147085613,0.00502802147085613,"Zacatecas",127.89
"1080",32,2020,0.0292957746478873,0,18,83,0.527951014854292,7050.85731707317,0.581395348837209,0.0266666666666667,-0.012949038658601,0.00502802147085613,0.00502802147085613,"Zacatecas",132.82
"1081",32,2021,0.067369654364382,0,33,193,0.520497038671467,7239.85031000886,0.581395348837209,0.0266666666666667,0.0251248410578936,-0.00242595471196905,-0.00242595471196905,"Zacatecas",97.37
"1082",32,2021,0.067369654364382,0,33,193,0.520497038671467,7239.85031000886,0.581395348837209,0.0266666666666667,0.0251248410578936,-0.00242595471196905,-0.00242595471196905,"Zacatecas",105
"1083",32,2021,0.067369654364382,0,33,193,0.520497038671467,7239.85031000886,0.581395348837209,0.0266666666666667,0.0251248410578936,-0.00242595471196905,-0.00242595471196905,"Zacatecas",113.61
"1084",32,2021,0.067369654364382,0,33,193,0.520497038671467,7239.85031000886,0.581395348837209,0.0266666666666667,0.0251248410578936,-0.00242595471196905,-0.00242595471196905,"Zacatecas",121.08
"1085",32,2021,0.067369654364382,0,33,193,0.520497038671467,7239.85031000886,0.581395348837209,0.0266666666666667,0.0251248410578936,-0.00242595471196905,-0.00242595471196905,"Zacatecas",127.89
"1086",32,2021,0.067369654364382,0,33,193,0.520497038671467,7239.85031000886,0.581395348837209,0.0266666666666667,0.0251248410578936,-0.00242595471196905,-0.00242595471196905,"Zacatecas",132.82
"1087",32,2022,0.0381571509327304,1,115,16,0.525716219264606,7700.36920634921,0.581395348837209,0.0266666666666667,-0.004087662373758,0.00279322588117059,0.00279322588117059,"Zacatecas",97.37
"1088",32,2022,0.0381571509327304,1,115,16,0.525716219264606,7700.36920634921,0.581395348837209,0.0266666666666667,-0.004087662373758,0.00279322588117059,0.00279322588117059,"Zacatecas",105
"1089",32,2022,0.0381571509327304,1,115,16,0.525716219264606,7700.36920634921,0.581395348837209,0.0266666666666667,-0.004087662373758,0.00279322588117059,0.00279322588117059,"Zacatecas",113.61
"1090",32,2022,0.0381571509327304,1,115,16,0.525716219264606,7700.36920634921,0.581395348837209,0.0266666666666667,-0.004087662373758,0.00279322588117059,0.00279322588117059,"Zacatecas",121.08
"1091",32,2022,0.0381571509327304,1,115,16,0.525716219264606,7700.36920634921,0.581395348837209,0.0266666666666667,-0.004087662373758,0.00279322588117059,0.00279322588117059,"Zacatecas",127.89
"1092",32,2022,0.0381571509327304,1,115,16,0.525716219264606,7700.36920634921,0.581395348837209,0.0266666666666667,-0.004087662373758,0.00279322588117059,0.00279322588117059,"Zacatecas",132.82
